,compet,compit,tc_d11_d3,tc_d11_d5,tc_d11_s14r3,tc_d41_s14s3,tc_d4z_s14s3,tc_d5_s14e3,tc_d61s_s14e3,tc_d62_s14r3,tc_d7_s14s3,tc_emp_d1,tc_emps_d7,tc_uc_d5,tc_ulc_d5,tcho,td_b2_s143,td_b6_s143,td_b6_s143a,td_b6taxable_s14r3,td_dint_d1,td_dint_dhs1,td_p3a_d1,td_p3a_d3,td_p3a_d5,td_p3g_d3,td_p3g_d5,td_p3m_d1,td_p3m_d3,td_p3m_d5,td_p51_d1,td_p51_d3,td_p51_d5,td_p51g_d3,td_p51g_d5,td_p51m_d1,td_p51m_d3,td_p51m_d5,td_p51t_d1,td_p51t_d3,td_p51t_d5,td_p523_d1,td_p523_d3,td_p523_d5,td_p6_d1,td_p6_d3,td_p6_d5,td_p7_d1,td_p7_d3,td_p7_d5,td_pib1,td_pib3,td_pib5,td_pint_d5,td_ratio_p7,b2_part,ct_d61ss14,ct_tdp3ad3,demmon,dum_1982q1,dum_1982q3,dum_1984q1,inter,pd7s14,petfm,petfx,r10a,r3m,ratio_d29_39,ratio_part,ratio_soc,tc_d62_s14r1,tc_empns_d1,tc_ls_d1,td_p3g_d1,td_p51g_d1,time,trim1,trim2,trim3,trim4,tuc,tc_d1_d3,dum_1990q1,dum_1999q4,dum_1983q1,ratio_d11,d11_d5_cale,d41_s14s3_cale,d4z_s14s3_cale,d5_s143_cale,emps_d7_cale,p3a_d5_cale,p3g_d5_cale,p3m_d1_cale,p3m_d5_cale,p51g_d5_cale,p51m_d1_cale,p51m_d5_cale,p51t_d1_cale,p51t_d5_cale,p523_d1_cale,p523_d3_cale,p6_d1_cale,p6_d5_cale,p7_d1_cale,p7_d5_cale,pint_d5_cale
1978Q1,NA,1.1349974,33679.35,1.8537963,33792.627,1802.7284,1485.0354,3661.7609,4270.422,13471.691,311.71988,22020.185,18167.773,0.4413414,0.1976713,4.5,13789.594,56721.213,NA,60382.974,263705.29,261299.26,2546.5956,931.26048,0.3656884,17130.666,0.3424647,128915.99,44703.862,0.3467674,46564.404,18373.266,0.3945775,2541.2468,0.3599129,16577.194,6264.1532,0.3778778,22926.483,9567.8664,0.4173281,2406.0311,948.21512,0.3940993,33250.568,16838.637,0.5064165,37435.817,16743.367,0.4472553,226269.48,82182.541,0.3632065,0.3940584,0.2216752,0.1677923,0.1263714,0.0164182,39.420809,0,0,0,NA,0.003793,NA,NA,10.764501,9.88,0.0116349,0.0120578,0.3436571,NA,3630.6749,23057.786,50021.701,7060.7267,1,1,0,0,0,0.837,45253.497,0,0,0,1.0033634,0,0,0,0,0,0,0,0,0,0,0,0,0,0,0,0,0,0,0,0,0
1978Q2,NA,1.1591164,34698.465,1.9084791,34817.329,1863.5966,1573.008,4299.4584,4426.5397,14126.716,322.59331,22026.598,18181.213,0.4559446,0.2011041,4.5,14028.365,58005.61,NA,62305.068,265495.92,264358.69,2566.8042,945.13546,0.3682149,17612.25,0.3486793,131422.95,46682.335,0.3552069,46556.281,18756.49,0.4028778,2598.9913,0.3683818,16167.595,6243.6362,0.3861821,23333.529,9913.8625,0.4248763,1137.2295,267.43653,0.235165,33301.344,17224.841,0.5172416,35806.771,16599.197,0.4635771,229689.15,84889.291,0.3695834,0.39994,0.2138173,0.1652548,0.1271361,0.0162939,40.000997,0,0,0,NA,0.0038002,NA,NA,10.252143,8.2,0.0117628,0.012303,0.3470696,NA,3618.9159,23064.501,50511.312,7055.1569,2,0,1,0,0,0.835,46741.246,0,0,0,1.0034256,0,0,0,0,0,0,0,0,0,0,0,0,0,0,0,0,0,0,0,0,0
1978Q3,NA,1.1626717,35909.197,1.9736737,36037.056,1948.4816,1662.2388,4406.5933,4635.0481,14394.102,333.61422,22031.813,18194.09,0.4667472,0.2061588,4.5,14376.487,59710.338,NA,64116.931,267581.6,264853.42,2586.1099,965.11325,0.3731911,18172.912,0.3572189,131333.99,47969.082,0.365245,46887.174,19172.094,0.4088985,2656.8097,0.3793303,16447.386,6418.4745,0.3902428,23435.841,10096.81,0.4308277,2728.1771,650.30691,0.2383668,33172.828,17499.994,0.52754,35476.389,16824.785,0.474253,232105.21,87604.717,0.3774354,0.4078994,0.2107363,0.1641063,0.1286189,0.0161633,41.970272,0,0,0,NA,0.0038082,NA,NA,9.9814625,7.49,0.0115799,0.0124516,0.3481543,NA,3608.3205,23069.961,50873.32,7003.9475,3,0,0,1,0,0.837,48411.137,0,0,0,1.0035606,0,0,0,0,0,0,0,0,0,0,0,0,0,0,0,0,0,0,0,0,0
1978Q4,NA,1.1663225,36948.198,2.0282347,37087.558,2057.3834,1752.7277,4254.7374,4730.7302,14866.041,344.7826,22046.603,18216.924,0.4766187,0.2098977,4.7,14821.172,61944.198,NA,66198.935,270772.08,268131.34,2604.5126,991.37344,0.3806368,18789.669,0.3663459,133026.19,49690.131,0.3735365,47154.405,19965.129,0.423399,2730.8415,0.3902916,16476.431,6806.7161,0.4131184,23681.049,10427.571,0.440334,2640.7318,487.9357,0.1847729,34056.819,18324.283,0.5380503,36173.914,17533.639,0.4847039,234598.16,90714.882,0.386682,0.4155831,0.2121378,0.1633819,0.1275557,0.0160043,42.93549,0,0,0,NA,0.0038007,NA,NA,9.6721139,7.05,0.0117883,0.0125105,0.3486181,NA,3598.8887,23133.896,51289.42,6996.9253,4,0,0,0,1,0.843,49829.01,0,0,0,1.0037718,0,0,0,0,0,0,0,0,0,0,0,0,0,0,0,0,0,0,0,0,0
1979Q1,NA,1.1597041,37854.894,2.0730936,38011.625,2190.3019,1844.4748,4287.2005,5095.734,15406.466,351.28095,22081.844,18260.099,0.4855599,0.2149008,4.9,15236.272,63657.486,NA,67944.687,272959.93,269127.21,2622.0342,1023.4257,0.3903175,19328.903,0.3737126,133172.86,51019.576,0.3831079,46932.734,20317.354,0.4329037,2776.2544,0.4056622,16585.263,6951.3577,0.4191286,23503.711,10589.742,0.4505562,3832.7105,1143.4636,0.2983433,34678.281,18934.224,0.5459966,36927.218,18213.552,0.4932284,236032.71,93553.394,0.3963578,0.4253054,0.2130572,0.1628618,0.1340573,0.0160771,42.859145,0,0,0,NA,0.0037549,NA,NA,9.285428,6.85,0.0116139,0.0124992,0.3556933,42773.292,3590.6204,23219.604,51721.303,6843.76,5,1,0,0,0,0.842,51319.627,0,0,0,1.0041403,0,0,0,0,0,0,0,0,0,0,0,0,0,0,0,0,0,0,0,0,0
1979Q2,NA,1.1966174,38931.763,2.1260656,39096.095,2285.9906,1930.2687,4766.6522,5721.1114,15920.281,360.93191,22123.25,18311.647,0.5095627,0.2197448,5,15704.829,64810.633,NA,69577.285,275252.18,272784.22,2638.7774,1058.2673,0.4010445,19951.981,0.3827315,134883.24,53005.631,0.3929742,47842.703,21141.471,0.4418954,2911.962,0.4178821,16834.702,7171.6624,0.4260047,24039.619,11057.846,0.4599843,2467.9526,924.87349,0.3747533,35289.008,19950.505,0.5653462,36951.675,19258.528,0.5211815,238300.5,96774.201,0.4061015,0.4355456,0.2166092,0.1622832,0.1463346,0.0163286,44.987753,0,0,0,NA,0.0037296,NA,NA,9.6721139,7.76,0.0115573,0.0124119,0.3607801,43112.373,3581.4649,23287.632,52130.495,6968.3819,6,0,1,0,0,0.845,52977.568,0,0,0,1.004221,0,0,0,0,0,0,0,0,0,0,0,0,0,0,0,0,0,0,0,0,0
1979Q3,NA,1.2218909,40395.548,2.1984534,40561.714,2344.4493,2010.1095,5148.4998,6115.9738,16552.863,368.91798,22173.275,18374.53,0.5340816,0.2268188,5.2,16174.221,66747.801,239370.48,71896.301,277459.35,274773.33,2654.7641,1095.2617,0.4125646,20756.999,0.3955085,135084.23,54833.785,0.4059229,48572.82,22147.262,0.45596,3083.2692,0.4353878,16915.771,7407.8438,0.4379253,24575.387,11656.149,0.4743018,2686.0225,1273.2752,0.4740374,35979.705,20907.468,0.5810906,38313.917,21040.789,0.5491683,239145.43,99973.262,0.4180438,0.4494414,0.2266125,0.1617855,0.1507819,0.016409,45.777274,0,0,0,NA,0.0036902,NA,NA,11.015847,10.82,0.0114337,0.0122204,0.3583193,43707.865,3571.4223,23389.531,52481.808,7081.6625,7,0,0,1,0,0.848,54870.052,0,0,0,1.0041135,0,0,0,0,0,0,0,0,0,0,0,0,0,0,0,0,0,0,0,0,0
1979Q4,NA,1.2608573,41907.875,2.275509,42065.195,2365.6782,2083.997,5455.5975,6360.8709,17120.14,375.23916,22199.631,18416.924,0.56451,0.2346117,5.2,16657.412,68851.193,241604.34,74306.791,278211.03,275729.11,2669.9942,1134.4045,0.4248715,21521.398,0.4068596,134966.89,56384.495,0.4177654,48816.485,23052.584,0.4722295,3181.9917,0.4537467,17081.293,7743.7061,0.4533442,24722.487,12126.886,0.4905205,2481.917,1741.26,0.7015787,36379.361,21727.342,0.5972436,38399.308,22439.025,0.5843601,239811.72,103122.46,0.4300143,0.4634626,0.2330204,0.1615304,0.1512146,0.0164762,46.521159,0,0,0,NA,0.0036388,NA,NA,11.595876,12.5,0.0113506,0.0119219,0.3579448,44023.616,3560.4924,23417.332,52896.374,7012.7046,8,0,0,0,1,0.855,56908.583,0,0,0,1.0037539,0,0,0,0,0,0,0,0,0,0,0,0,0,0,0,0,0,0,0,0,0
1980Q1,86.660468,1.29637,43471.515,2.3563362,43616.263,2349.6771,2151.9314,5631.4211,6654.1078,17839.434,376.54295,22213.003,18448.774,0.5989038,0.2407113,5.1,17150.567,71198.886,264067.11,76830.307,281554.7,278394.48,2683.7668,1175.3339,0.4379419,22379.057,0.4196808,136257.87,58964.244,0.4327401,49452.227,24488.301,0.4951911,3358.2908,0.4766252,17143.217,8117.2845,0.4734983,25263.031,13012.726,0.5150897,3160.2133,2543.1202,0.8047306,36676.618,22679.738,0.6183705,39467.868,24737.506,0.6267758,242086.83,107492.29,0.4440237,0.4834853,0.24316,0.1595516,0.1525602,0.0165078,47.281863,0,0,0,-42.222222,0.003503,52.863763,53.588275,13.142619,13,0.0114794,0.0115489,0.3560546,44604.985,3548.6753,23406.747,53323.998,7045.9789,9,1,0,0,0,0.862,58949.749,0,0,0,1.0033297,0,0,0,0,0,0,0,0,0,0,0,0,0,0,0,0,0,0,0,0,0
1980Q2,87.858685,1.3101214,45159.739,2.4453132,45300.22,2455.3948,2253.4306,5705.0779,6879.5766,18294.969,388.28528,22214.628,18467.875,0.6217258,0.2510319,5.1,17590.776,73698.421,265220.26,79403.499,279447.97,277864.65,2692.7526,1216.3485,0.4517119,23260.043,0.4331491,135662.84,60291.047,0.4444183,49261.177,25287.988,0.5133452,3475.0889,0.4972671,17029.175,8362.8093,0.4910872,25243.626,13450.09,0.5328113,1583.3181,1557.3766,0.9836157,36548.026,23128.965,0.6328376,38565.232,25061.867,0.6498565,240882.73,109679.9,0.4553249,0.4960277,0.2430385,0.1603829,0.1518663,0.0165044,45.843829,0,0,0,-41.123288,0.0035402,54.85051,55.600281,13.045948,12.65,0.0115102,0.0112387,0.3545998,44367.503,3536.8383,23408.459,53699.856,6988.3754,10,0,1,0,0,0.859,61173.372,0,0,0,1.0031108,0,0,0,0,0,0,0,0,0,0,0,0,0,0,0,0,0,0,0,0,0
1980Q3,87.287719,1.3120341,46737.071,2.5309567,46881.175,2682.8314,2388.4946,6007.6547,7139.9814,19141.273,407.11367,22196.574,18466.167,0.6394268,0.2597869,5.5,18014.334,76367.585,267157.43,82375.239,279060.01,277339.03,2696.2507,1256.9416,0.4661813,24289.012,0.4496011,135571.06,62290.141,0.4594649,49062.267,25895.146,0.5278017,3559.6196,0.5112154,16874.382,8572.1627,0.5079986,25224.833,13763.363,0.5456275,1720.9767,1443.1405,0.838559,35985.986,23294.251,0.6473145,38533.98,25714.846,0.6673291,240526.03,112753.79,0.46878,0.5086218,0.2434946,0.159767,0.1522995,0.0164591,45.526016,0,0,0,-40.054054,0.0036106,55.799044,56.502607,13.036281,11.68,0.0117349,0.011002,0.3528337,45015.869,3524.9815,23488.439,54023.469,6963.0518,11,0,0,1,0,0.851,63227.484,0,0,0,1.0030833,0,0,0,0,0,0,0,0,0,0,0,0,0,0,0,0,0,0,0,0,0
1980Q4,88.517367,1.3388979,48099.716,2.6046613,48259.472,3031.9867,2557.1234,6202.7464,7387.0942,19896.485,433.0281,22182.995,18466.783,0.663932,0.2674686,5.9,18277.277,78865.532,269260.82,85068.278,278856.36,278407.16,2694.2612,1296.9068,0.481359,25147.915,0.462578,136299.87,64614.716,0.4740629,48519.357,26089.393,0.537711,3601.6572,0.5254593,16791.089,8594.5635,0.5118527,24873.965,13893.172,0.5585427,449.19549,339.66115,0.7561544,36528.976,24412.405,0.6683025,38626.158,26855.296,0.6952619,240230.2,115045.7,0.4788977,0.5192792,0.2482957,0.1588697,0.1530703,0.0164445,44.722943,0,0,0,-39.013333,0.003764,58.033954,59.156374,13.703314,11.52,0.0119537,0.0108789,0.3520121,45363.917,3513.1048,23573.852,54364.698,6854.3034,12,0,0,0,1,0.841,65031.396,0,0,0,1.0033214,0,0,0,0,0,0,0,0,0,0,0,0,0,0,0,0,0,0,0,0,0
1981Q1,90.095469,1.3834413,49433.484,2.675806,49614.232,3502.8609,2759.3171,6532.9299,7489.812,20781.563,460.22859,22177.52,18474.241,0.6972155,0.2742406,6.2,18621.057,81716.517,300130.42,88249.447,278973.97,279063.71,2688.4705,1336.5675,0.4971479,26072.958,0.4766769,136591.53,66808.621,0.4891125,48187.109,26779.157,0.5557328,3741.4225,0.543326,16617.767,8777.3009,0.5281877,24683.195,14260.433,0.5777386,-89.738466,-186.16372,2.0745141,36899.263,25560.409,0.6927079,38148.723,28056.226,0.7354434,240825.25,118315.32,0.4912912,0.5316043,0.2515773,0.157385,0.150961,0.0163561,45.45606,0,0,0,-38,0.0038898,60.531117,62.409839,14.283343,11.97,0.0121128,0.0108197,0.3523999,45908.702,3501.2083,23643.412,54697.334,6886.1473,13,1,0,0,0,0.831,66853.841,0,0,0,1.0036564,0,0,0,0,0,0,0,0,0,0,0,0,0,0,0,0,0,0,0,0,0
1981Q2,92.634349,1.4245878,51031.329,2.7657739,51239.233,3869.5502,2888.1937,6217.3489,7612.5425,21751.202,495.54735,22139.338,18451.013,0.7320363,0.2824819,6.1,19109.629,85523.464,302629.96,91740.813,278917.85,282182.88,2686.8902,1378.5171,0.513053,27109.568,0.4924639,138125.17,69862.223,0.5057892,48032.974,27275.565,0.5678509,3860.9182,0.5585785,16538.026,8838.852,0.5344563,24582.907,14575.795,0.592924,-3265.0308,-1806.932,0.5534196,38289.005,27265.032,0.7120852,37626.708,29220.702,0.7765947,241291.14,121863.27,0.5050466,0.5451364,0.2537939,0.156812,0.1485686,0.0161186,45.849696,0,0,0,-37.012987,0.0040664,64.039173,65.963546,15.868755,15.94,0.0122958,0.0107975,0.3522849,46599.935,3486.9264,23577.569,55048.84,6912.0422,14,0,1,0,0,0.825,69008.898,0,0,0,1.004074,0,0,0,0,0,0,0,0,0,0,0,0,0,0,0,0,0,0,0,0,0
1981Q3,93.024163,1.4158764,52917.145,2.8756562,53150.152,4132.0547,2943.7533,6656.2616,7895.2863,22860.199,533.18438,22073.547,18401.764,0.7591769,0.2908723,6.3,19926.527,88994.322,305299.12,95650.584,281383.26,283912.85,2691.207,1423.5493,0.5289632,28278.4,0.5094734,138497.28,72854.506,0.5260356,47774.369,28016.006,0.5864234,4050.9351,0.5825616,16383.678,9010.4457,0.5499648,24437.031,14954.625,0.6119657,-2529.5913,-1072.9408,0.4241558,39444.839,28786.126,0.7297818,38683.007,31257.633,0.8080456,242700.25,127028.01,0.5233947,0.5707035,0.2583344,0.1568672,0.1485468,0.015996,46.782697,0,0,0,-36.051282,0.0041974,65.674644,67.887343,16.410115,17.44,0.0125094,0.0108328,0.3509621,47417.235,3470.259,23557.681,55505.152,6953.6597,15,0,0,1,0,0.826,71489.057,0,0,0,1.0044032,0,0,0,0,0,0,0,0,0,0,0,0,0,0,0,0,0,0,0,0,0
1981Q4,92.814353,1.4077178,55369.072,3.0054347,55632.683,4290.3742,2925.9959,7715.7696,8382.1992,23772.656,573.13969,22077.595,18422.983,0.7770323,0.3016614,6.9,20593.909,91690.788,307797.07,99406.558,284402.78,285229.84,2701.4207,1471.9167,0.5448676,29640.493,0.5299338,140020.77,76105.79,0.5435322,48064.68,29178.226,0.6070617,4352.0501,0.6086263,16141.449,9183.4714,0.5689372,24772.619,15642.704,0.6314514,-827.05961,165.41217,-0.2000003,38510.527,28804.077,0.7479533,39708.342,32727.5,0.8241971,244694.44,132638.41,0.5420573,0.5854846,0.2586297,0.1552635,0.1506704,0.016053,46.790975,0,0,0,-35.113924,0.0043211,67.560406,69.420805,16.062097,15.69,0.0123302,0.0109203,0.3497856,47664.467,3451.2063,23713.85,55932.444,7150.6117,16,0,0,0,1,0.827,74736.375,0,0,0,1.004761,0,0,0,0,0,0,0,0,0,0,0,0,0,0,0,0,0,0,0,0,0
1982Q1,92.774731,1.3883741,57438.208,3.108889,57725.828,4344.509,2834.9215,7448.8952,9006.0551,25151.895,598.07577,22111.61,18475.477,0.7955789,0.3133652,6.9,21490.44,95690.719,347925.09,103139.61,285580.8,286340.57,2716.378,1522.6915,0.5605595,31079.977,0.5463133,140836.95,78734.956,0.5590504,47413.846,29974.529,0.6321894,4572.2773,0.6455503,15757.651,9288.9194,0.5894863,24573.436,16113.332,0.6557216,-759.76706,-252.77395,0.3326993,38483.006,29799.715,0.7743604,39788.699,33420.06,0.8399385,245792.1,137439.04,0.5591678,0.60498,0.2561116,0.1563634,0.1560143,0.0159126,47.826903,1,0,0,-34.2,0.0043516,69.913194,71.841075,15.71408,14.95,0.0122261,0.0110463,0.3575639,48732.898,3429.7682,23750.387,56890.386,7082.7588,17,1,0,0,0,0.821,77976.037,0,0,0,1.0050075,0,0,0,0,0,0,0,0,0,0,0,0,0,0,0,0,0,0,0,0,0
1982Q2,92.827738,1.3780697,59143.432,3.1935712,59450.909,4410.8053,2812.5312,7176.0813,9261.7325,25982.122,632.28289,22141.038,18519.528,0.8132385,0.3204093,6.9,22318.984,99169.82,351732.04,106345.9,288005.43,287577.83,2730.6002,1570.4671,0.5751362,32177.268,0.5612594,141806.35,81707.9,0.5761935,47721.2,31135.525,0.6524464,4816.0419,0.6643635,15444.605,9404.3345,0.6089074,25027.489,16915.149,0.6758628,427.59796,781.16395,1.8268655,37989.203,30007.007,0.7898825,40435.084,34709.293,0.8583955,247570.35,142670.04,0.5762808,0.622897,0.2555955,0.1564378,0.1557879,0.0158361,46.699165,0,0,0,-33.308642,0.0044318,71.534129,73.323006,15.501403,16.08,0.0121865,0.0112135,0.3577576,48691.962,3411.4857,23781.995,57330.479,7249.107,18,0,1,0,0,0.824,80302.448,0,0,0,1.0051988,0,0,0,0,0,0,0,0,0,0,0,0,0,0,0,0,0,0,0,0,0
1982Q3,94.557795,1.4178725,59992.426,3.2331359,60312.453,4489.2632,2858.8248,7593.8686,9566.0318,26829.705,658.42356,22167.104,18555.492,0.8454371,0.3263772,7,22945.558,100934.33,355202.9,108528.2,287782.68,287788.36,2742.9338,1613.9855,0.5884158,33124.514,0.5706902,142340.24,83207.377,0.5845668,46744.509,30985.627,0.662872,4797.5121,0.6763793,15289.38,9501.5818,0.6214498,24362.198,16686.533,0.6849354,-5.6776106,1515.212,-266.87494,37917.777,30941.68,0.8160204,40314.641,36235.196,0.8988098,247468.04,145153.2,0.5865533,0.6339145,0.2611314,0.1580782,0.1586079,0.0159905,46.452154,0,1,0,-32.439024,0.0045361,75.851973,77.16109,15.221056,14.39,0.0125826,0.0114675,0.3634579,48674.821,3396.3587,23835.595,58042.899,7092.931,19,0,0,1,0,0.83,81797.145,0,0,0,1.0053345,0,0,0,0,0,0,0,0,0,0,0,0,0,0,0,0,0,0,0,0,0
1982Q4,93.299021,1.4156188,61187.964,3.2985598,61510.069,4579.8826,2973.8025,9563.3649,9919.3207,28032.679,676.49778,22156.248,18549.903,0.8600804,0.332168,6.9,23439.871,101730.12,357899.36,111293.48,289462.5,290128.49,2753.3789,1653.1311,0.6004009,34067.511,0.5822303,143743.49,85813.983,0.5969939,46234.244,31173.861,0.6742591,4776.667,0.68731,15017.344,9381.0043,0.624678,24267.1,17016.189,0.7012041,-665.98627,843.69086,-1.2668292,38885.289,32523.893,0.8364061,40924.204,37430.985,0.9146417,248538.3,148645.08,0.5980772,0.6461074,0.2624387,0.1576902,0.1612634,0.0162502,45.374155,0,0,0,-31.590361,0.0045511,76.60557,78.035871,15.056714,13.04,0.0124031,0.011824,0.3661721,49542.08,3384.3873,23798.333,58512.091,6949.7997,20,0,0,0,1,0.828,83593.29,0,0,0,1.0052642,0,0,0,0,0,0,0,0,0,0,0,0,0,0,0,0,0,0,0,0,0
1983Q1,91.206787,1.378193,62919.197,3.3975433,63233.682,4682.6637,3157.4642,8260.2436,10405.79,28562.296,680.98304,22124.696,18519.027,0.8622672,0.3416289,7.1,24270.25,105921.3,397524.98,114181.55,289362.76,289385.27,2761.5472,1688.3549,0.6113801,35079.385,0.5967918,143285.1,87750.859,0.6124214,45944.237,31645.376,0.6887779,4891.0518,0.7036478,15012.001,9621.3339,0.6409095,23981.241,17132.99,0.714433,-22.508583,713.00329,-31.676952,38614.449,32907.067,0.8521957,40548.116,36831.242,0.9083342,248814.64,152952.8,0.6147259,0.6590762,0.2538627,0.158678,0.1645609,0.0159397,45.727556,0,0,0,-30.761905,0.0044522,75.917409,77.726032,14.264008,12.71,0.0124025,0.0122724,0.3679409,49313.257,3375.5714,23815.604,58779.935,6950.994,21,1,0,0,0,0.835,86069.743,0,0,1,1.0049982,0,0,0,0,0,0,0,0,0,0,0,0,0,0,0,0,0,0,0,0,0
1983Q2,92.585244,1.4058928,64322.099,3.4798399,64627.589,4781.9956,3314.9202,9163.7864,10754.21,29243.465,725.55993,22085.404,18484.212,0.8944701,0.3478332,7.3,24834.855,107610.39,401004.08,116774.17,288320.53,289656.3,2765.5954,1722.2012,0.6227235,36009.109,0.6113629,143091.56,89957.432,0.6286704,45280.603,31807.802,0.7024598,4849.4759,0.7175045,14909.846,9734.234,0.6528729,23611.948,17224.092,0.7294651,-1335.774,-206.86975,0.1548688,39618.817,34886.358,0.8805502,38963.627,36837.68,0.9454377,249356.9,157338.35,0.6309765,0.672482,0.2481777,0.1578436,0.1664028,0.016004,46.861858,0,0,0,-29.952941,0.0046115,80.059083,81.525958,13.964327,12.44,0.0126762,0.0126349,0.3657543,49352.402,3364.6565,23824.6,58899.727,6758.8088,22,0,1,0,0,0.832,87848.18,0,0,0,1.0047494,0,0,0,0,0,0,0,0,0,0,0,0,0,0,0,0,0,0,0,0,0
1983Q3,92.864711,1.3934601,65521.293,3.5483398,65819.744,4877.8785,3446.1705,9769.8193,11133.6,30126.976,804.70594,22058.25,18465.338,0.9046089,0.3553304,7.3,25255.426,109427.48,402768.59,119197.3,288936.56,290366.77,2765.1352,1755.0876,0.6347204,36892.339,0.6225779,142646.76,91487.665,0.6413582,45118.483,32364.659,0.7173259,4883.6387,0.7308961,14803.64,9896.1645,0.6684954,23633.129,17584.856,0.7440765,-1430.2082,-985.05541,0.6887496,40579.002,36733.762,0.9052407,39082.053,37247.824,0.9530672,249854.5,161000.63,0.6443775,0.6839573,0.2459252,0.1568654,0.1691529,0.0160388,47.809117,0,0,0,-29.162791,0.0049982,82.252861,84.064912,13.451968,12.39,0.0128921,0.0128976,0.37269,49742.134,3351.6425,23795.307,59257.388,6681.7142,23,0,0,1,0,0.825,89940.426,0,0,0,1.004555,0,0,0,0,0,0,0,0,0,0,0,0,0,0,0,0,0,0,0,0,0
1983Q4,91.996903,1.4161201,66689.491,3.6140144,66981.385,4970.3122,3551.2151,10059.571,11248.68,30875.914,918.42108,22033.65,18453.023,0.9301727,0.3609374,7.3,25723.276,111712.27,403564.38,121771.84,290505.29,291342.21,2760.1666,1786.8545,0.647372,37750.353,0.633826,143390.7,94031.131,0.6557687,44831.531,32527.767,0.7255556,4939.5695,0.7432269,14615.005,9889.4176,0.6766619,23570.413,17698.78,0.7508897,-836.92592,-317.32516,0.3791556,40800.337,38220.945,0.9367801,39717.886,39092.359,0.9842507,250787.4,164907.37,0.6575584,0.6950334,0.2500152,0.1559862,0.1679374,0.0159951,49.483746,0,0,0,-28.390805,0.0055693,84.168001,86.180872,13.519638,12.33,0.013237,0.0130553,0.3755212,49811.03,3336.5295,23768.77,59559.485,6646.1127,24,0,0,0,1,0.828,91732.811,0,0,0,1.0043769,0,0,0,0,0,0,0,0,0,0,0,0,0,0,0,0,0,0,0,0,0
1984Q1,93.801728,1.4452763,68038.98,3.6917056,68323.22,5059.2969,3630.054,9985.031,11925.988,31888.35,1062.2504,21994.549,18430.229,0.9614526,0.3652936,7.7,26125.392,114177.54,434671.45,124162.57,292919.01,293206.96,2751.9977,1817.1089,0.6602872,38671.413,0.6479037,143917.84,96285.817,0.6690332,44860.994,33177.763,0.7395682,5107.9732,0.7600599,14434.636,9974.5231,0.6910131,23705.87,18095.266,0.7633243,-287.95073,1201.8141,-4.1736798,41989.157,39400.739,0.9383551,40475.28,41483.787,1.0249166,252443.73,169070.87,0.6697368,0.7091493,0.2562171,0.1545233,0.1745525,0.0159148,51.437131,0,0,1,-27.636364,0.0062829,86.065918,88.01933,13.316628,12.41,0.0140338,0.0131191,0.3746334,50253.116,3319.3174,23829.414,59686.973,6720.4875,25,1,0,0,0,0.828,93528.654,0,0,0,1.0041776,0,0,0,0,0,0,0,0,0,0,0,0,0,0,0,0,0,0,0,0,0
1984Q2,92.611212,1.4379003,68963.542,3.7484743,69251.704,5174.856,3728.5029,10443.954,12532.547,32099.6,1175.0199,21948.669,18397.763,0.971954,0.3718725,8.4,26487.947,114941.13,436360.53,125385.08,292740.04,294338.29,2746.8415,1844.7631,0.6715943,39514.889,0.6580929,144484.47,98277.171,0.680192,44399.875,33209.97,0.7479744,5102.2616,0.7716568,14370.283,10064.892,0.7003963,23417.506,18042.816,0.7704841,-1598.2487,-562.87448,0.352182,42662.56,40901.408,0.958719,40278.14,41633.312,1.0336454,252461.9,171552.01,0.6795165,0.7188574,0.2544737,0.1544018,0.180971,0.0160496,51.373602,0,0,0,-26.898876,0.0068494,86.977252,88.78813,13.316628,12.3,0.014548,0.0133811,0.381449,49482.384,3301.3856,23961.429,60044.545,6612.0866,26,0,1,0,0,0.826,95269.616,0,0,0,1.0041785,0,0,0,0,0,0,0,0,0,0,0,0,0,0,0,0,0,0,0,0,0
1984Q3,93.08458,1.4347031,69714.8,3.7935649,70016.263,5316.9896,3846.562,10332.761,12543.56,32880.438,1252.2748,21917.401,18377.12,0.9824046,0.3712064,8.9,26922.831,117359.04,438177.63,127691.8,293642.83,295906.5,2746.0062,1869.7623,0.6809025,40408.499,0.66647,144709.53,100056.45,0.6914296,44531.919,33728.088,0.7573913,5270.9186,0.7780876,14084.988,10001.621,0.7100908,23672.733,18455.548,0.7796121,-2263.6686,-1397.5366,0.6173769,43288.411,42188.24,0.9745851,40022.175,41912.324,1.0472275,253620.65,174941.17,0.689775,0.7299263,0.2518113,0.1538965,0.1791521,0.015932,53.102344,0,0,0,-26.177778,0.0071583,88.83109,90.718844,12.968611,11.41,0.0149146,0.0138208,0.3708854,49699.264,3282.7341,24058.618,60630.634,6774.1972,27,0,0,1,0,0.83,95571.005,0,0,0,1.0043242,0,0,0,0,0,0,0,0,0,0,0,0,0,0,0,0,0,0,0,0,0
1984Q4,93.028992,1.443459,70670.758,3.849487,70990.284,5485.6975,3984.2311,11631.184,12981.574,33727.893,1294.0149,21890.181,18358.487,1.0004216,0.3790692,8.8,27342.165,118211.53,440462.42,129842.71,295027.21,295556.07,2749.4916,1892.2399,0.6882145,41119.114,0.6741697,144117.07,101290.28,0.7028333,44669.523,34144.235,0.7643743,5405.3553,0.7863914,13928.762,9913.7336,0.7117455,23867.142,18825.146,0.7887474,-528.86157,631.05346,-1.19323,43027.75,42775.052,0.9941271,41574.204,44424.966,1.0685705,253453.01,177427.01,0.7000391,0.7402846,0.2600702,0.1541037,0.1828641,0.0160072,53.331117,0,0,0,-25.472527,0.0072932,90.317469,92.482642,11.856889,10.68,0.0149634,0.0144056,0.380142,50033.525,3263.3629,24002.391,60992.235,6873.6194,28,0,0,0,1,0.833,97535.685,0,0,0,1.0045213,0,0,0,0,0,0,0,0,0,0,0,0,0,0,0,0,0,0,0,0,0
1985Q1,93.775737,1.4692132,71763.158,3.9131269,72117.277,5680.9799,4141.5104,11331.863,13158.819,34527.91,1295.0554,21864.702,18339.083,1.0290208,0.3848524,8.6,27863.13,121135.18,464689.24,132467.04,295646.45,297189.34,2756.1792,1912.772,0.6939941,41937.025,0.6824416,145565.51,104154.35,0.7155153,44212.316,34349.72,0.7769265,5508.0073,0.7992563,13827.42,9991.8758,0.7226132,23493.481,18849.837,0.8023433,-1542.8875,275.50437,-0.1785641,43203.887,43662.972,1.010626,41684.576,46037.531,1.104426,253961.87,180254.81,0.7097712,0.7517126,0.264032,0.1545763,0.1824642,0.0157904,53.918244,0,0,0,-24.782609,0.0071846,92.419217,94.7722,11.711882,10.61,0.0141328,0.0151625,0.381474,50341.623,3243.272,23921.993,61451.446,6891.4152,29,1,0,0,0,0.847,99138.94,0,0,0,1.0049346,0,0,0,0,0,0,0,0,0,0,0,0,0,0,0,0,0,0,0,0,0
1985Q2,92.600126,1.4263609,72536.404,3.9564329,72917.348,5831.7259,4251.5579,11757.061,13271.764,35166.632,1298.2784,21853.135,18333.788,1.0181569,0.3869187,8.7,28396.914,122833.63,465452.82,134590.69,297540.91,300332.68,2760.7562,1933.7614,0.7004463,42602.555,0.6878657,146454.35,106253.55,0.7255062,45328.006,35518.542,0.7835893,5842.043,0.799215,13690.18,9966.9215,0.7280344,24328.1,19709.578,0.8101569,-2791.7774,-1352.3002,0.4843868,43855.155,44383.836,1.0120552,41665.813,45213.622,1.0851492,255875.09,184126.32,0.7195945,0.7607816,0.2557759,0.1542252,0.1820111,0.0157429,53.283797,0,0,0,-24.107527,0.007051,91.991919,93.716435,11.450869,10.29,0.0139562,0.0157417,0.3841894,50418.649,3226.1269,23935.526,61934.411,7309.7262,30,0,1,0,0,0.848,100404.12,0,0,0,1.0052518,0,0,0,0,0,0,0,0,0,0,0,0,0,0,0,0,0,0,0,0,0
1985Q3,90.544812,1.3615038,73561.664,4.0118294,73968.685,5937.9355,4314.3738,10418.321,13506.879,35824.251,1298.499,21848.479,18336.189,0.9916198,0.3894717,9.2,28754.844,126173.39,467870.73,136591.71,300123.96,301104.45,2762.1041,1955.6576,0.7080318,43200.812,0.69486,147498.4,108152.19,0.7332431,45997.355,36381.671,0.7909514,6017.2732,0.8067835,13786.715,10103.406,0.7328363,24752.29,20260.992,0.8185502,-980.48121,-44.176565,0.045056,42674.615,42924.415,1.0058536,42592.655,44529.591,1.0454758,257531.31,188040.98,0.7301674,0.7678832,0.248399,0.152918,0.1826027,0.0154998,53.668715,0,0,0,-23.446809,0.0069054,89.64799,91.074826,11.441202,9.8,0.0138464,0.0161168,0.3826423,50540.61,3211.9274,24062.202,62171.967,7458.3494,31,0,0,1,0,0.851,101709.47,0,0,0,1.0055331,0,0,0,0,0,0,0,0,0,0,0,0,0,0,0,0,0,0,0,0,0
1985Q4,88.68375,1.3341767,74562.905,4.0623686,75005.161,5999.6087,4329.958,10420.565,13890.518,36496.807,1295.7171,21859.284,18354.54,0.982033,0.3921792,9.3,29175.912,127992.08,468723.22,138412.65,302867.74,303651.73,2760.2228,1978.3649,0.716741,43974.909,0.7018534,148746.37,110213.12,0.7409466,46258.032,37022.571,0.800349,6133.3024,0.8179574,13877.59,10262.947,0.7395338,24882.127,20626.321,0.8289613,-783.98541,842.50743,-1.0746468,43231.689,43173.61,0.9986566,43768.04,45094.753,1.0303124,259099.7,192110.33,0.7414533,0.7722458,0.2464636,0.1518706,0.1851942,0.0154569,54.0897,0,0,0,-22.8,0.0067447,87.138766,88.564611,10.909509,9.08,0.014169,0.0162965,0.3823759,50741.139,3200.6737,24100.643,62655.409,7498.3151,32,0,0,0,1,0.838,103073.96,0,0,0,1.0059313,0,0,0,0,0,0,0,0,0,0,0,0,0,0,0,0,0,0,0,0,0
1986Q1,87.188387,1.2600737,76043.016,4.136306,76509.592,6016.7455,4298.3105,11248.519,13948.16,37143.13,1323.5328,21880.884,18384.282,0.9462374,0.3973681,9,29513.896,129608.53,498134.28,140857.05,303445.71,304461.78,2757.2582,2001.6211,0.7259462,44862.95,0.7140242,149753.72,111332.02,0.7434341,46238.178,37390.189,0.8086432,5945.6518,0.8278524,13955.694,10459.797,0.7495003,25100.464,20984.739,0.8360299,-1016.071,737.21223,-0.7255519,42881.481,41955.257,0.9784004,43746.911,42738.693,0.9769534,259698.79,195540.56,0.7529514,0.7753145,0.2336003,0.1509349,0.182306,0.0154436,54.818437,0,0,0,-22.166667,0.0067686,84.212312,85.305151,9.6334453,8.69,0.0142684,0.0162793,0.3767177,50964.581,3192.3656,24044.927,62831.135,7182.0191,33,1,0,0,0,0.831,104689.76,0,0,0,1.0061357,0,0,0,0,0,0,0,0,0,0,0,0,0,0,0,0,0,0,0,0,0
1986Q2,88.253925,1.2135375,76304.463,4.1404133,76807.546,6038.4351,4380.4053,11519.925,14245.927,37827.249,1319.959,21917.657,18429.19,0.9219846,0.3978774,8.9,29781.279,130389.02,499832.73,141908.95,307354.37,307731.98,2763.4033,2024.8088,0.7327229,45251.808,0.7143158,151747.66,113671.38,0.7490816,47297.344,38532.009,0.814676,6262.4481,0.8297334,14004.914,10548.055,0.7531681,25744.888,21721.506,0.8437211,-377.61287,1238.7205,-3.280398,42573.706,41104.231,0.965484,44738.424,42239.599,0.9441459,262615.95,199583.36,0.7599819,0.7780113,0.2270664,0.1492172,0.1854756,0.015529,56.079101,0,0,0,-21.546392,0.0066136,84.546676,85.207751,8.2220419,7.36,0.0142717,0.016281,0.389195,51410.911,3183.4562,24058.899,63349.865,7547.5422,34,0,1,0,0,0.837,106001.78,0,0,0,1.0065931,0,0,0,0,0,0,0,0,0,0,0,0,0,0,0,0,0,0,0,0,0
1986Q3,87.472868,1.1653383,77108.132,4.1721923,77604,6064.6773,4576.2424,11624.402,14638.812,38095.273,1318.5956,21962.059,18481.443,0.8940207,0.3970058,8.9,30122.078,131517.65,503172.49,143142.05,310040.48,309936.05,2780.804,2047.9495,0.7364595,45840.039,0.7182233,152566.57,114892.54,0.7530649,47907.396,39276.526,0.8198426,6371.4201,0.8319521,14039.803,10628.098,0.7569977,26209.196,22277.008,0.8499691,104.42995,1088.0046,10.418511,42857.07,41028.116,0.9573244,45639.051,41440.088,0.9079963,264401.43,202733.08,0.7667624,0.7791697,0.2207724,0.14858,0.1886348,0.0155717,56.966208,0,0,0,-20.938776,0.0065041,83.410703,83.739907,7.9996976,7.11,0.0143083,0.0163226,0.3810818,51363.742,3173.9453,24107.639,63824.211,7658.3976,35,0,0,1,0,0.834,106492.64,0,0,0,1.0064308,0,0,0,0,0,0,0,0,0,0,0,0,0,0,0,0,0,0,0,0,0
1986Q4,87.258996,1.1628554,77712.499,4.1966184,78204.143,6095.4721,4885.8218,11279.113,14830.961,38399.948,1319.4427,21991,18517.885,0.8969456,0.3989085,9,30526.493,133321.25,504991.18,144600.36,310232.47,310837.82,2809.4603,2070.9562,0.7371367,46376.056,0.7211847,153227.28,116372.18,0.7594743,48318.67,39884.928,0.8254558,6417.0748,0.8370736,14119.935,10869.02,0.7697641,26532.654,22598.833,0.8517366,-605.34626,1086.97,-1.7956169,42177.021,40099.396,0.9507404,45397.547,41333.142,0.9104708,264834.92,204557.35,0.7723957,0.7829613,0.2191049,0.149232,0.1896442,0.0155336,56.826963,0,0,0,-20.343434,0.0064502,83.205918,82.960649,9.0437494,7.67,0.0144388,0.0164274,0.3793487,51430.902,3163.8329,24165.935,64305.379,7666.0816,36,0,0,0,1,0.836,107192.63,0,0,0,1.0063264,0,0,0,0,0,0,0,0,0,0,0,0,0,0,0,0,0,0,0,0,0
1987Q1,85.805126,1.1596188,78400.337,4.2234473,78869.118,6130.8197,5309.1435,12210.544,15343.93,38586.18,1263.5077,22029.308,18563.115,0.902139,0.4051636,9.2,30798.558,133402.85,524836.45,145613.4,311734.17,310851.67,2847.76,2094.1693,0.7353742,46677.367,0.7235406,153972.94,118315.46,0.7684172,47846.25,39990.57,0.8358141,6240.4959,0.8519494,14292.188,11116.407,0.777796,26229.101,22633.667,0.8629219,882.50196,2010.0911,2.2777186,41672.276,39825.847,0.9556917,46828.897,42787.703,0.913703,264905.27,206125.8,0.7781114,0.7879339,0.223879,0.1494163,0.1945493,0.0156981,57.740332,0,0,0,-19.76,0.0061298,82.317366,82.003243,8.92,8.34,0.0139571,0.0165857,0.3883768,51361.698,3153.1191,24261.353,64512.438,7324.9607,37,1,0,0,0,0.835,108849.21,0,0,0,1.0059793,0,0,0,0,0,0,0,0,0,0,0,0,0,0,0,0,0,0,0,0,0
1987Q2,86.842247,1.1630699,79303.314,4.2561978,79780.653,6155.1189,5588.6468,11429.526,15359.879,38998.84,1288.0926,22088.86,18632.431,0.9068163,0.4038054,9.1,31258.003,136279.95,525616.94,147709.48,315121.56,315607.74,2888.0446,2120.6792,0.7342959,47192.026,0.726172,155898.77,120694.47,0.7741849,49190.6,41438.695,0.8424108,6565.6197,0.85531,14337.236,11230.161,0.7832863,27177.059,23642.915,0.8699585,-486.18523,1031.8887,-2.1224189,42642.932,40618.877,0.9525348,47182.686,43431.732,0.9205015,267938.87,209664.91,0.7825102,0.7914413,0.2230993,0.1490855,0.1925264,0.0155612,59.150163,0,0,0,-19.188119,0.0061436,83.009528,82.720263,8.9333333,8.1833333,0.0138961,0.016542,0.3835466,51482.971,3143.026,24300.176,64987.397,7676.3046,38,0,1,0,0,0.834,109719.83,0,0,0,1.0060192,0,0,0,0,0,0,0,0,0,0,0,0,0,0,0,0,0,0,0,0,0
1987Q3,86.508414,1.1559207,80284.796,4.2946313,80806.474,6168.3696,5724.3316,11828.539,16001.604,39448.209,1334.205,22137.527,18694.223,0.9071455,0.4064498,9.1,31579.634,137231.08,526745.57,149059.62,317654.06,319100.9,2928.7019,2151.3892,0.734588,47788.196,0.729075,156004.17,121616.89,0.7795746,50313.615,42650.167,0.8476864,6845.0617,0.861628,14501.712,11436.082,0.7886022,27867.568,24369.024,0.8744582,-1446.8411,-220.93075,0.1526987,44308.074,42490.09,0.9589695,48021.214,44148.789,0.9193601,269632.84,212327.02,0.7874672,0.7953488,0.2238198,0.1487311,0.1980238,0.0156771,61.047868,0,0,0,-18.627451,0.0062837,83.33135,82.958928,9.8033333,7.9766667,0.0138245,0.0162992,0.3841787,51648.293,3133.5534,24353.715,65546.333,7944.3352,39,0,0,1,0,0.838,111128.51,0,0,0,1.0064978,0,0,0,0,0,0,0,0,0,0,0,0,0,0,0,0,0,0,0,0,0
1987Q4,85.694231,1.1569788,81729.692,4.3620272,82305.735,6170.5715,5716.1978,12323.851,16311.736,40082.93,1401.8445,22163.905,18736.63,0.9129602,0.4080832,9.1,32001.574,139043.27,528549.16,151367.12,323140.45,324102.74,2969.732,2186.542,0.7362759,48758.849,0.7368854,158410.12,124373.96,0.785139,51587.459,44004.041,0.8529988,7117.1266,0.866768,14583.103,11552.061,0.7921539,28793.247,25334.853,0.8798887,-962.28722,585.12532,-0.6080568,44966.585,43554.484,0.9685967,49865.927,46181.359,0.9261105,273274.52,217281.64,0.7951039,0.8004559,0.2273241,0.1472815,0.1981847,0.0157256,62.405142,0,0,0,-18.07767,0.0064517,83.661177,83.003145,10.246667,8.5733333,0.013797,0.0158921,0.3835718,52027.864,3124.7015,24382.734,66168.839,8211.1092,40,0,0,0,1,0.846,113078.9,0,0,0,1.0070481,0,0,0,0,0,0,0,0,0,0,0,0,0,0,0,0,0,0,0,0,0
1988Q1,85.830328,1.1489229,82573.421,4.3933149,83239.523,6161.7251,5564.2456,12246.188,16661.966,40830.9,1553.1166,22203.659,18795.243,0.9120623,0.4092268,9,32336.877,140778.23,545957.15,153024.42,326137.1,326056.74,3010.2312,2225.5451,0.739327,49436.189,0.7381456,158433.97,124979.95,0.7888457,52242.834,45077.492,0.8628455,7397.7451,0.8710267,14845.858,12020.921,0.8097155,28903.844,25658.827,0.8877306,80.365467,1630.0247,20.28265,45396.214,44035.056,0.970016,49985.141,46187.432,0.9240232,276151.96,221196.83,0.8009968,0.8042518,0.2242902,0.1461905,0.2001689,0.0158089,61.869844,0,0,0,-17.538462,0.0070214,83.851575,83.256795,9.41,8.0166667,0.0136761,0.0152954,0.3875618,52560.993,3116.4702,24399.625,66973.488,8493.1327,41,1,0,0,0,0.8509995,114575.73,0,0,0,1.0080668,0,0,0,0,0,0,0,0,0,0,0,0,0,0,0,0,0,0,0,0,0
1988Q2,86.412367,1.1503444,83777.03,4.43902,84512.555,6268.302,5576.3821,11646.847,16783.383,41408.837,1624.2717,22262.72,18872.866,0.918042,0.4106686,8.9,32801.468,143761.59,548834.24,155408.43,329599.62,329290.52,3045.9081,2264.6863,0.7435176,50142.664,0.7434361,158753.84,126271.59,0.7953924,53780.126,46788.444,0.8699951,7754.1115,0.8782878,15027.436,12240.948,0.8145733,29924.022,26793.385,0.8953805,309.09988,1238.7518,4.00761,46263.47,45471.877,0.9828895,50964.866,47447.419,0.9309829,278634.75,224730.6,0.8065419,0.809308,0.2261615,0.1459591,0.1985904,0.0157531,64.306676,0,0,0,-17.009524,0.0072276,85.458401,84.933805,9.13,7.8166667,0.0136275,0.0147727,0.3847166,52956.808,3106.8696,24437.673,67447.171,8828.668,42,0,1,0,0,0.8559995,116007.45,0,0,0,1.0087796,0,0,0,0,0,0,0,0,0,0,0,0,0,0,0,0,0,0,0,0,0
1988Q3,87.895527,1.1628244,84875.992,4.4767754,85673.292,6490.3024,5752.6073,11934.433,17258.452,42148.679,1677.4148,22331.134,18959.18,0.9322577,0.4114657,8.8,33518.761,146068.17,549785.38,158002.6,334993.79,334464.65,3075.859,2303.2482,0.7488146,50831.04,0.7485027,160946.49,129382.02,0.8038822,54599.669,47835.912,0.8761209,7934.3173,0.8873106,15337.189,12594.058,0.8211451,30320.496,27307.536,0.9006296,529.13866,1633.0914,3.0863203,47932.335,47880.292,0.9989142,52720.452,50049.773,0.9493426,282273.33,229815.83,0.8141606,0.816411,0.2312403,0.1458505,0.201445,0.0157683,65.984058,0,0,0,-16.490566,0.007299,88.038335,87.800092,9.0466667,7.73,0.0135461,0.0143515,0.3872087,53539.952,3095.8997,24485.893,67910.294,8941.9837,43,0,0,1,0,0.8569995,117740.71,0,0,0,1.0093937,0,0,0,0,0,0,0,0,0,0,0,0,0,0,0,0,0,0,0,0,0
1988Q4,87.055231,1.1636657,86103.687,4.5142125,86945.28,6827.7265,6092.9214,11469.732,17581.326,42722.214,1712.5459,22429.287,19073.911,0.940695,0.4135107,8.5,34426.592,149676.22,551597.56,161145.95,339128.42,337401.81,3100.0841,2341.2879,0.7552337,51234.648,0.7547898,162005.62,131463.32,0.8114738,55930.853,49394.231,0.8831303,8123.3118,0.8948146,15769.68,12951.743,0.8213067,31082.966,28319.176,0.9110834,1726.6045,2517.1025,1.4578338,48485.89,49234.273,1.0154351,53922.797,51722.154,0.959189,285205.62,234462.71,0.8220831,0.8242823,0.2329843,0.1468318,0.2022114,0.0156424,67.503362,0,0,0,-15.981308,0.0073041,88.97568,88.398935,8.7333333,8.21,0.0132839,0.0140504,0.3881323,53852.788,3083.5604,24512.882,67879.364,9078.2063,44,0,0,0,1,0.8659995,119523.31,0,0,0,1.0097742,0,0,0,0,0,0,0,0,0,0,0,0,0,0,0,0,0,0,0,0,0
1989Q1,88.382284,1.2017348,87452.39,4.5498306,88193.363,7280.5739,6597.3241,12246.008,18409.657,43537.906,1726.9825,22560.907,19221.021,0.9704622,0.4139425,8.3,35322.243,152002.73,580284.21,164248.74,343669.42,343132.85,3120.8254,2379.7514,0.7625391,52009.776,0.7623259,163734.79,134535.64,0.821668,57166.154,51022.594,0.8925315,8395.699,0.8969138,15993.651,13309.705,0.8321868,31811.85,29317.19,0.9215808,536.57425,1586.5857,2.95688,50885.957,52144.113,1.024725,54411.069,54328.083,0.9984748,289258.35,239350.38,0.8274623,0.8308612,0.2379065,0.1475755,0.208742,0.015656,69.280562,0,0,0,-15.481481,0.0072153,91.407317,90.567537,8.9033333,9.0266667,0.0131353,0.0138543,0.3873836,54429.287,3069.8518,24602.952,68225.12,9360.6535,45,1,0,0,0,0.8719995,121330.02,0,0,0,1.0084729,0,0,0,0,0,0,0,0,0,0,0,0,0,0,0,0,0,0,0,0,0
1989Q2,89.196892,1.2115826,88813.605,4.5908481,89579.536,7655.7778,6968.5751,13339.752,18825.179,43859.058,1787.8601,22663.847,19345.795,0.9879088,0.4179034,8.2,36198.374,153884.25,583267.56,167224,346653.3,344976.14,3148.733,2423.0988,0.7695472,52541.092,0.7686168,164005.3,136403.47,0.8317016,57593.736,51705.197,0.8977573,8351.2387,0.903213,16420.11,13712.395,0.8350976,31927.481,29641.563,0.9284028,1677.1661,2620.9032,1.5626975,51870.389,53407.296,1.0296297,55407.541,56490.255,1.0195409,291245.76,242610.8,0.8330106,0.8414952,0.2426062,0.1492035,0.2101504,0.0157462,70.443281,0,0,0,-14.990826,0.0073693,92.613632,91.839773,8.7766667,8.89,0.0130067,0.0134095,0.3884869,54274.02,3055.1076,24688.286,68357.979,9246.1452,46,0,1,0,0,0.8719995,123316.53,0,0,0,1.008624,0,0,0,0,0,0,0,0,0,0,0,0,0,0,0,0,0,0,0,0,0
1989Q3,88.70593,1.174322,90143.505,4.6390955,90910.609,7953.3381,7206.6742,12153.441,19226.761,44392.288,1892.496,22721.296,19431.267,0.9811947,0.4203968,8.1,37368.358,158343.56,585574.15,170497,348758.26,347392.7,3186.0491,2472.3777,0.7760011,53194.088,0.7742806,165463.11,138766.3,0.838654,58153.148,52307.266,0.8994744,8435.6869,0.9020879,16548.305,13860.235,0.8375622,32253.551,30011.344,0.9304819,1365.554,2869.4638,2.1013184,51889.092,53471.635,1.0304986,55677.731,56137.71,1.0082615,293080.53,246943.42,0.8425787,0.8585903,0.2378446,0.1513236,0.2114908,0.015614,71.112112,0,0,0,-14.509091,0.0076637,92.494467,91.411334,8.5066667,9.21,0.0130897,0.0127376,0.3849503,54323.664,3039.3279,24723.934,68701.303,9351.2919,47,0,0,1,0,0.8759996,124844.28,0,0,0,1.0085098,0,0,0,0,0,0,0,0,0,0,0,0,0,0,0,0,0,0,0,0,0
1989Q4,87.707577,1.1742365,92735.57,4.7494553,93485.032,8173.2548,7311.6216,12697.108,19523.891,45179.027,2040.8903,22781.951,19525.517,0.9814216,0.4269286,8.1,37760.266,161729.09,589182.2,174426.2,355273.36,351835.27,3232.7736,2527.6671,0.7818881,54470.28,0.7892795,166738.98,140865.32,0.8448254,59318.177,53904.448,0.9087341,8552.3878,0.9014602,16610.584,14220.955,0.8561382,33220.333,31131.105,0.93711,3438.0991,4530.2301,1.3176555,53532.673,54858.847,1.0247732,58427.687,58705.989,1.0047632,296845.68,252450.8,0.8504446,0.8556736,0.2421209,0.1495748,0.2088451,0.015629,72.831568,0,0,0,-14.036036,0.0080843,91.168627,89.880372,9.0033333,10.473333,0.013248,0.0118384,0.3849421,54704.48,3022.5126,24789.935,69012.666,9487.2603,48,0,0,0,1,0.8749996,128433.39,0,0,0,1.0080817,0,0,0,0,0,0,0,0,0,0,0,0,0,0,0,0,0,0,0,0,0
1990Q1,86.345883,1.1649065,93647.186,4.7745831,94356.097,8315.528,7283.4172,13098.513,19801.185,46043.162,2023.0806,22823.533,19613.688,0.9784827,0.4277677,8,38249.46,163371.05,625959.63,176469.56,356673.25,356086.94,3285.7732,2586.1585,0.7870776,54873.895,0.7835541,167643.03,142384.71,0.8493327,59959.935,54636.008,0.9112086,8682.2111,0.9029197,16556.637,14205.332,0.8579841,33787.592,31748.466,0.9396487,586.3123,2793.46,4.7644574,55166.164,55842.449,1.0122591,57837.079,57819.823,0.9997016,298836.17,255296.85,0.8543037,0.8581819,0.2369301,0.1498235,0.2098559,0.01583,74.187732,0,0,0,-13.571429,0.0079244,89.248669,87.404402,9.8633333,11.016667,0.0137796,0.0103529,0.3841158,55193.582,3004.6618,24808.188,70032.04,9615.7069,49,1,0,0,0,0.8709996,129618.55,1,0,0,1.00757,0,0,0,0,0,0,0,0,0,0,0,0,0,0,0,0,0,0,0,0,0
1990Q2,85.630008,1.1380159,95788.672,4.8706048,96489.24,8437.8535,7374.9611,14697.949,20127.095,46578.637,2145.6783,22854.889,19666.689,0.9703148,0.4360146,7.9,38522.466,164723.79,627841.15,179421.74,357899.48,356080.08,3330.1645,2634.2519,0.7910276,55740.999,0.7938126,168981.27,144355.03,0.8542664,59992.016,55157.486,0.9194138,8800.7777,0.9094819,16404.598,14296.712,0.8715064,33910.724,32059.996,0.9454235,1819.3916,3494.5425,1.9207203,53557.287,54290.131,1.0136834,58591.601,57617.63,0.983377,299307.88,258054.81,0.8621718,0.8641153,0.2345663,0.1492802,0.2085942,0.0159919,74.870242,0,0,0,-13.115044,0.0083148,89.290343,86.801716,9.6366667,9.9666667,0.013891,0.0102578,0.3815931,55376.368,2984.3717,24815.298,70219.344,9676.694,50,0,1,0,0,0.8799996,132340.97,0,0,0,1.0073137,0,0,0,0,0,0,0,0,0,0,0,0,0,0,0,0,0,0,0,0,0
1990Q3,85.815013,1.136773,97052.829,4.9247445,97784.598,8540.2314,7586.2532,13769.452,20396.321,47421.115,2198.7211,22875.126,19707.181,0.9765835,0.4395245,7.9,38708.236,168073.38,632300.47,181842.83,359524.6,358740.49,3362.8141,2668.7829,0.793616,56616.341,0.796922,169325.01,145642.46,0.8601355,60519.349,56039.308,0.9259734,8997.6313,0.9150462,16145.093,14189.577,0.8788786,34541.276,32852.1,0.9510969,784.10731,2755.7458,3.5145009,54489.547,54637.163,1.0027091,58926.447,58298.53,0.9893441,300598.15,260061.27,0.8651459,0.8703092,0.2354983,0.1488428,0.2085842,0.0158787,75.767161,0,0,0,-12.666667,0.0084546,88.669796,86.047491,10.063333,10.196667,0.0139784,0.01036,0.3806219,56002.38,2961.6425,24837.271,71043.769,9832.9804,51,0,0,1,0,0.8749996,133993.26,0,0,0,1.0075399,0,0,0,0,0,0,0,0,0,0,0,0,0,0,0,0,0,0,0,0,0
1990Q4,85.999978,1.1574278,98402.353,4.9828862,99197.515,8622.6616,7917.2935,15525.385,20630.967,48253.626,2182.2088,22896.825,19748.063,0.9993963,0.4455845,7.9,38844.068,168861.02,635686,184386.41,359405.23,359381.15,3383.722,2689.5112,0.7948381,57266.308,0.8021491,169215.77,146894.78,0.8680916,60246.587,56155.816,0.9320995,9105.0101,0.9289023,15918.566,14030.348,0.8813827,34526.119,33020.458,0.9563907,24.073597,2263.6979,94.03239,55143.973,55382.426,1.0043242,59409.48,60347.543,1.0157898,299995.75,260304.99,0.8676956,0.8776269,0.2420137,0.1492252,0.2079787,0.0159274,77.104386,0,0,0,-12.226087,0.0083833,88.966447,86.371858,10.166667,10.103333,0.0138513,0.0106355,0.3775179,56626.406,2936.474,24860.831,71391.106,9801.9023,52,0,0,0,1,0.8579996,135551,0,0,0,1.0080807,0,0,0,0,0,0,0,0,0,0,0,0,0,0,0,0,0,0,0,0,0
1991Q1,86.10369,1.1345109,99577.316,5.0344846,100476,8685.1443,8368.0822,15528.84,20435.736,48922.05,2116.6491,22921.024,19779.049,0.9888425,0.447321,8,39099.573,171702.92,665029.24,187231.76,360714.77,359764.08,3398.4549,2702.3066,0.7951574,58212.395,0.8082471,169277.24,147901.31,0.8737224,59704.718,56286.808,0.9427531,9293.1664,0.9380368,15497.481,13930.363,0.8988792,34300.199,33063.279,0.9639384,950.68384,3345.8873,3.5194532,55360.661,55594.901,1.0042312,59941.552,59967.48,1.0004326,300773.22,264076.13,0.8779908,0.8818184,0.2380599,0.1480617,0.2033892,0.0157383,77.999797,0,0,0,-11.793103,0.0080153,89.053593,86.468008,9.3333333,9.83,0.0144527,0.0116484,0.3709468,57021.594,2908.8664,24914.157,72023.013,9907.0379,53,1,0,0,0,0.8539996,136515.2,0,0,0,1.009025,0,0,0,0,0,0,0,0,0,0,0,0,0,0,0,0,0,0,0,0,0
1991Q2,90.316048,1.137925,100294.17,5.0722317,101251.13,8731.5571,8722.0912,15266.538,20860.966,49724.166,2102.0655,22901.531,19773.183,0.995583,0.4502674,8.1,39541.894,173945.4,666381.99,189211.94,362414.88,363656.91,3433.454,2735.6076,0.7967509,59173.541,0.8127812,170354.73,149888.89,0.8798634,60197.871,57146.939,0.9493183,9658.5219,0.9427962,15225.919,13824.726,0.9079732,34727.403,33663.691,0.9693697,-1242.0382,1359.6459,-1.0946893,56867.076,57120.783,1.0044614,59776.285,60208.406,1.007229,302638.59,267217,0.8829575,0.8851453,0.236643,0.1479767,0.2060319,0.0157268,79.385447,0,0,0,-11.367521,0.0078665,92.852564,90.718985,8.96,9.43,0.0143209,0.0124132,0.3784263,57547.523,2879.8146,24920.056,72803.779,10244.549,54,0,1,0,0,0.8399996,138248.12,0,0,0,1.0095416,0,0,0,0,0,0,0,0,0,0,0,0,0,0,0,0,0,0,0,0,0
1991Q3,91.152414,1.143035,101196.07,5.1199739,102168.53,8761.9,8979.3206,16069.354,21339.248,50426.369,2158.9654,22872.23,19764.958,1.0039705,0.4527839,8.2,39894.401,174980.89,669731.58,191050.24,362950.27,365187.61,3494.2859,2795.6979,0.800077,59764.57,0.8180991,169956.5,150516.05,0.8856151,59934.701,57238.525,0.9550148,9850.4367,0.947668,15045.83,13773.798,0.9154562,34494.475,33614.29,0.9744833,-2237.3384,445.59688,-0.1991638,58749.154,58747.815,0.9999772,60171.213,61177.381,1.0167218,302779.06,268330.87,0.8862266,0.8894931,0.2390023,0.1486761,0.2088632,0.0159772,80.290507,0,0,0,-10.949153,0.0080459,93.152599,91.150337,9.0433333,9.54,0.0145905,0.0128829,0.3747901,57931.166,2849.3188,24915.283,73052.968,10394.396,55,0,0,1,0,0.8329996,139123.36,0,0,0,1.0096097,0,0,0,0,0,0,0,0,0,0,0,0,0,0,0,0,0,0,0,0,0
1991Q4,90.505155,1.1284231,102090.58,5.1623601,103045.47,8776.1732,9139.7705,16517.577,21759.587,51117.345,2287.3488,22853.731,19775.951,1.0011374,0.4572575,8.4,40560.064,176649,670519.22,193166.58,364320.22,367112.24,3580.9507,2883.3057,0.8051788,60722.834,0.825097,170364.89,152276.02,0.8938228,59819.034,57183.621,0.9559436,9994.3996,0.9510953,14765.18,13601.361,0.9211781,34545.549,33587.861,0.9722775,-2792.0257,-426.54109,0.1527712,59752.589,59302.557,0.9924684,60026.325,60616.354,1.0098295,304293.89,271325.44,0.8916559,0.8949032,0.2352959,0.1494886,0.2111649,0.0163222,80.814345,0,0,0,-10.537815,0.0084303,92.139552,89.823508,8.81,9.66,0.014509,0.0129965,0.3829796,58298.355,2817.3787,24949.488,73594.78,10508.306,56,0,0,0,1,0.8319996,141189.19,0,0,0,1.0093533,0,0,0,0,0,0,0,0,0,0,0,0,0,0,0,0,0,0,0,0,0
1992Q1,89.69899,1.0903453,103034.72,5.2070828,103926.7,8774.3764,9203.4407,16686.176,22034.386,51783.671,2463.0109,22829.004,19787.417,0.9780803,0.4591331,8.7,41212.34,178642.97,697278.21,195329.15,368361.16,369382.59,3684.469,2991.1482,0.8118261,61602.953,0.8320234,170816.7,153379.3,0.8979175,59900.657,57033.387,0.9521329,10087.847,0.9491351,14820.097,13661.302,0.9218092,34452.098,33284.238,0.9661019,-1021.4349,860.99205,-0.8429241,60940.84,60482.508,0.9924791,61582.888,60255.201,0.9784407,306778.27,276095.09,0.8999826,0.8973677,0.2307868,0.1492686,0.2120185,0.0167437,82.955681,0,0,0,-10.133333,0.0089209,91.387309,89.024369,8.53,10.05,0.0148922,0.0128507,0.387701,58628.162,2783.9946,25004.386,74039.926,10628.462,57,1,0,0,0,0.8289996,142981.38,0,0,0,1.0086571,0,0,0,0,0,0,0,0,0,0,0,0,0,0,0,0,0,0,0,0,0
1992Q2,89.852485,1.0807008,103835.16,5.2510642,104689.61,8799.9285,9352.2888,17102.621,21684.59,52801.37,2582.5472,22790.951,19774.118,0.9742674,0.4606592,8.9,41711.113,181149.65,699520.69,198252.27,366986.79,368861.85,3762.1883,3079.7192,0.8185978,62483.438,0.8380666,170527.19,153955.85,0.9028229,58949.035,55916.176,0.9485512,9937.985,0.9508147,14653.963,13465.54,0.9189009,33842.999,32512.651,0.9606906,-1875.0512,-249.40883,0.1330144,61066.78,60193.569,0.9857007,60558.208,58895.689,0.9725468,306428.59,276483.65,0.9022776,0.8999223,0.2270193,0.1508629,0.2071322,0.017001,82.932162,0,0,0,-9.7355372,0.0093407,90.914787,88.56766,8.67,10.04,0.0151553,0.0132939,0.3803741,59373.767,2750.416,25017.509,74556.653,10452.073,58,0,1,0,0,0.8279995,143331.37,0,0,0,1.0082289,0,0,0,0,0,0,0,0,0,0,0,0,0,0,0,0,0,0,0,0,0
1992Q3,88.413567,1.0791148,104413.89,5.2905484,105255.44,8852.8295,9586.3149,16995.392,22047.678,53516.883,2621.7527,22739.38,19735.93,0.9774116,0.4640394,9.2,41981.963,182772.12,700556.18,199767.51,366927.53,369928.44,3805.1293,3139.8777,0.8251698,63628.355,0.8436092,171536.76,155501.28,0.9065187,58145.404,55107.267,0.9477493,9887.9261,0.9490748,14551.732,13440.439,0.9236315,33175.182,31778.902,0.9579119,-3000.9128,-675.21358,0.2250027,61017.177,59573.7,0.9763431,60231.947,58696.736,0.9745117,306695.58,277578.53,0.9050621,0.9030658,0.2264478,0.1512435,0.2094683,0.0171792,82.550112,0,0,0,-9.3442623,0.0094451,89.2514,86.321976,8.8966667,10.55,0.0152471,0.014324,0.3841298,59792.423,2716.643,25043.37,75423.967,10418.489,59,0,0,1,0,0.8259995,144522.38,0,0,0,1.0080597,0,0,0,0,0,0,0,0,0,0,0,0,0,0,0,0,0,0,0,0,0
1992Q4,89.055911,1.0799883,104980.16,5.3409266,105834.04,8933.0793,9905.5188,17404.691,22346.932,54174.356,2580.6275,22657.527,19655.796,0.9816841,0.4696053,9.4,41895.976,183571.97,702224.29,200976.66,364803.93,368702.3,3813.2919,3170.9169,0.8315432,64770.285,0.8507759,171756.14,156368.89,0.9104122,57137.851,53972.902,0.9446085,9837.1694,0.9465294,14324.846,13196.638,0.9212412,32420.122,30939.095,0.9543176,-3898.3719,-1608.3529,0.4125704,59864.171,58038.822,0.9695085,59564.393,58168.491,0.9765648,305239.54,276544.97,0.9059933,0.9042365,0.22656,0.1514979,0.2111507,0.0172734,82.578225,0,0,0,-8.9593496,0.0093317,87.684062,86.340462,8.2533333,10.74,0.0151841,0.0159729,0.3864732,60175.646,2682.6755,25008.308,76130.844,10392.883,60,0,0,0,1,0.8279995,145552.19,0,0,0,1.0081336,0,0,0,0,0,0,0,0,0,0,0,0,0,0,0,0,0,0,0,0,0
1993Q1,90.892035,1.0659491,105438.72,5.3899804,106320.5,9040.6779,10309.901,17606.447,22355.2,54943.121,2485.1291,22561.218,19561.985,0.9768776,0.4746648,9.6,41733.476,184871.15,726136.71,202477.6,361679.63,367257.58,3794.2951,3178.16,0.8376154,65989.153,0.8578773,169625.32,155428.31,0.9163037,56173.668,53424.336,0.9510566,9924.5375,0.9557832,14004.475,13102.839,0.935618,31785.523,30396.959,0.9563146,-5577.9538,-3402.0812,0.6099156,60742.864,58872.09,0.9692017,58443.887,56540.591,0.9674338,303235.74,276949.37,0.9133138,0.9075798,0.2222525,0.1506899,0.2102624,0.0171912,80.476865,0,0,0,-8.5806452,0.0089732,88.89544,88.092719,7.6733333,11.816667,0.0154678,0.0176128,0.3865559,60749.711,2648.5136,24957.1,76921.436,10383.67,61,1,0,0,0,0.8109995,146196.68,0,0,0,1.0083629,0,0,0,0,0,0,0,0,0,0,0,0,0,0,0,0,0,0,0,0,0
1993Q2,92.16005,1.0462811,105549.18,5.4186141,106468.26,9003.6345,10616.804,17106.805,22690.751,55804.08,2347.6749,22473.351,19478.999,0.9650613,0.4754557,10,41708.719,186151.61,728643.39,203258.42,360716.5,366120.08,3784.3283,3189.2328,0.8427474,67076.739,0.8633032,170490.72,156822.5,0.9198301,54536.619,52034.201,0.9541149,9692.7639,0.9625801,13799.629,12836.057,0.9301741,30667.423,29505.38,0.9621082,-5403.5813,-3652.3953,0.6759212,59610.639,57242.556,0.9602742,57729.357,54965.792,0.952129,302987.14,277747.04,0.9166958,0.9100126,0.2174279,0.150168,0.2131222,0.0171324,80.216796,0,0,0,-8.208,0.0084526,89.082186,88.498914,7.0933333,8.02,0.0155396,0.0189955,0.3863764,61389.656,2617.1735,24970.39,77697.777,10069.566,62,0,1,0,0,0.7959995,146330.88,0,0,0,1.0087076,0,0,0,0,0,0,0,0,0,0,0,0,0,0,0,0,0,0,0,0,0
1993Q3,94.496987,1.0471492,105771.17,5.444257,106720.28,8821.9491,10826.23,17679.766,22883.403,56741.756,2194.2225,22414.998,19428.027,0.9671404,0.474613,10.2,41705.516,186446.78,730265.85,204126.55,361533.39,365992.74,3791.0104,3210.1213,0.846772,67421.909,0.8662427,170301.01,157538.45,0.9250588,53930.276,51474.418,0.9544624,9596.3283,0.9629061,13713.907,12805.568,0.9337651,30250.362,29072.522,0.9610636,-4459.3542,-3411.1763,0.7649485,60137.86,58241.951,0.968474,58054.066,55455.33,0.9552359,303479.32,279020.35,0.9194048,0.9122253,0.2181149,0.1494712,0.2144241,0.0172174,81.578676,0,0,0,-7.8412698,0.007864,91.490543,91.51787,6.4,7.7733333,0.0156859,0.0200902,0.3834636,62130.578,2588.6553,24961.023,77832.583,9966.006,63,0,0,1,0,0.7929995,146330.57,0,0,0,1.0089732,0,0,0,0,0,0,0,0,0,0,0,0,0,0,0,0,0,0,0,0,0
1993Q4,94.961557,1.0360444,106198.93,5.4694039,107181.97,8495.6216,10938.177,17866.982,22994.642,56356.043,2024.772,22394.477,19416.911,0.9621847,0.4755843,10.5,42030.815,186165.77,731065.71,204032.76,363775.12,368667.28,3814.3414,3240.9356,0.8496711,67834.27,0.8691217,171022.07,158777.26,0.9284022,53556.387,51059.274,0.9533741,9568.1629,0.9632625,13787.29,12850.324,0.9320413,29836.018,28640.787,0.95994,-4892.1624,-3831.0795,0.7831056,62225.262,59807.787,0.9611496,59668.055,56571.386,0.9481017,304107.06,280317.07,0.921771,0.9151169,0.2208061,0.1499403,0.2145383,0.0174089,82.591676,0,0,0,-7.480315,0.0072231,91.063733,91.272266,5.9333333,6.74,0.015877,0.0209064,0.3838357,61396.633,2562.959,25021.762,78049.218,9933.0793,64,0,0,0,1,0.7929995,146961.87,0,0,0,1.0092566,0,0,0,0,0,0,0,0,0,0,0,0,0,0,0,0,0,0,0,0,0
1994Q1,94.129828,1.0406106,106688.79,5.4902321,107704.57,8024.6521,10952.646,18122.977,22972.837,57059.335,1869.8282,22404.632,19432.473,0.9694956,0.4758851,10.8,42608.861,187124.08,743635.32,205247.06,366094.31,368369.68,3852.6656,3282.1258,0.8519104,67913.219,0.872642,170431.13,159027.56,0.9330899,54121.127,51841.469,0.9578786,9845.5753,0.9656599,14045.381,13117.345,0.9339259,29880.049,28878.548,0.9664826,-2275.3652,-1384.8179,0.6086135,62139.918,60095.481,0.9670995,60670.603,58068.273,0.9571072,305423.71,282706.77,0.9256215,0.9197554,0.2235592,0.1507175,0.2132949,0.0175398,84.510705,0,0,0,-7.125,0.006614,90.692859,91.032905,5.9933333,6.29,0.0160856,0.021751,0.3846142,61859.73,2540.0844,25117.3,77824.833,10195.697,65,1,0,0,0,0.7979995,147722.81,0,0,0,1.009521,0,0,0,0,0,0,0,0,0,0,0,0,0,0,0,0,0,0,0,0,0
1994Q2,94.650682,1.0328441,107315.77,5.5076032,108357.47,7716.8319,11104.305,18990.756,22965.231,57357.737,1749.3173,22451.603,19485.022,0.9662948,0.4732511,10.9,43336.59,187666.27,744915.78,206657.02,371351.16,373217.56,3898.1187,3335.7013,0.8557208,68188.64,0.8759992,171536.2,160698.05,0.9368171,55335.28,53055.725,0.9588047,9935.6747,0.9675436,14348.147,13460.796,0.9381557,30718.165,29659.255,0.9655282,-1866.4062,-731.16674,0.3917511,64606.973,62281.937,0.9640126,62731.368,59873.828,0.954448,308619.79,286955.06,0.9298012,0.9240968,0.2257861,0.1510222,0.2119395,0.0177746,86.375219,0,0,0,-6.7751938,0.0060961,91.186164,91.244451,7.05,5.7366667,0.0162309,0.0224966,0.3834348,61901.609,2518.1456,25198.208,77840.987,10268.968,66,0,1,0,0,0.8099995,148464.37,0,0,0,1.0097069,0,0,0,0,0,0,0,0,0,0,0,0,0,0,0,0,0,0,0,0,0
1994Q3,93.543599,1.0187648,108357.15,5.5377372,109415.34,7572.161,11393.155,18499.468,23284.962,57738.495,1693.7443,22528.273,19567.044,0.9606985,0.474279,10.7,43805.375,189833.84,745210.95,208333.31,375089.9,376454.42,3949.045,3402.4105,0.861578,68752.596,0.8822245,172476.31,162108.55,0.9398888,56136.03,53834.772,0.9590057,9853.3798,0.9664322,14579.538,13766.716,0.9442492,31360.868,30214.675,0.9634515,-1364.5221,-448.46726,0.3286625,65962.09,63351.486,0.9604227,64172.39,60742.048,0.9465449,310917.51,290259.3,0.9335573,0.9291104,0.2262425,0.1509181,0.2128126,0.0179231,88.538307,0,0,0,-6.4307692,0.0058353,89.957017,89.841393,7.7033333,5.6233333,0.0162341,0.0231683,0.3833426,62028.245,2497.1424,25227.629,77930.951,10195.625,67,0,0,1,0,0.8229995,149895.05,0,0,0,1.0097658,0,0,0,0,0,0,0,0,0,0,0,0,0,0,0,0,0,0,0,0,0
1994Q4,93.327115,1.0185055,109408.29,5.572486,110477.61,7590.6394,11819.195,18178.419,23583.967,58198.433,1703.1092,22590.589,19633.66,0.9622534,0.476437,10.5,44053.283,192079.89,744929.94,210258.31,380559.73,380102.41,4005.4446,3482.6912,0.8694893,69307.586,0.8896623,172729.11,162614.63,0.9414431,56426.597,54070.012,0.9582363,9792.5178,0.9664991,14758.706,13943.369,0.9447555,31535.943,30334.125,0.9618905,457.32006,1219.7701,2.6672132,69038.008,66671.331,0.9657192,67038.422,63468.866,0.9467536,313521.31,293897.15,0.9374073,0.9295518,0.231541,0.1498935,0.2134728,0.0181315,92.625633,0,0,0,-6.0916031,0.0057949,90.289603,90.127788,8.1166667,5.7366667,0.0161606,0.0238573,0.387708,62274.319,2477.0749,25240.881,77903.254,10131.947,68,0,0,0,1,0.8279995,151826.76,0,0,0,1.0097737,0,0,0,0,0,0,0,0,0,0,0,0,0,0,0,0,0,0,0,0,0
1995Q1,93.712894,1.018771,110578.7,5.6208024,111645.41,7772.2671,12382.426,19265.081,23651.361,58498.685,1794.1619,22631.273,19673.116,0.9705078,0.4784851,10.1,44268.81,193445.32,756704.08,212710.4,381065.6,381327.98,4066.6219,3574.252,0.8789241,69781.419,0.8992089,173220.23,163530.87,0.9440634,56299.36,54070.523,0.960411,9588.3533,0.9720197,14736.792,13850.507,0.939859,31698.208,30631.663,0.9663532,-262.38084,1141.6614,-4.3511615,70138.646,67678.357,0.9649225,66763.882,63840.349,0.9562109,314301.72,295936.74,0.9415689,0.9385925,0.231184,0.1495888,0.2118436,0.0184768,93.510546,0,0,0,-5.7575758,0.0060627,90.512549,90.42568,8.0866667,6.6,0.0161215,0.0247958,0.3822997,62377.99,2457.9431,25173.83,77603.124,9864.3608,69,1,0,0,0,0.8379995,152852.9,0,0,0,1.0096466,0,0,0,0,0,0,0,0,0,0,0,0,0,0,0,0,0,0,0,0,0
1995Q2,93.34852,1.0139113,111701.51,5.6664573,112769.85,7865.6108,12825.852,18428.616,24132.049,59028.057,1876.6182,22677.77,19712.76,0.9710234,0.4805803,9.9,44496.263,196301.59,757246.26,214730.2,384120.46,385316.1,4129.2743,3664.1069,0.8873489,70494.288,0.9080196,175723.74,166207.31,0.9458444,56362.544,54220.867,0.9620018,9534.103,0.9719749,14768.683,13979.274,0.9465484,31784.86,30707.49,0.9661043,-1195.6399,-138.2323,0.1156137,71465.336,68851.972,0.9634317,67890.88,64863.935,0.9554146,316229.58,298436.38,0.9437333,0.9423059,0.2326317,0.149098,0.2139938,0.0186657,95.538871,0,0,0,-5.4285714,0.0062882,89.931475,89.934926,7.5966667,7.4833333,0.0162049,0.0259905,0.3829445,62758.878,2438.9949,25169.556,77635.204,9809.0015,70,0,1,0,0,0.8349995,154476.99,0,0,0,1.0095642,0,0,0,0,0,0,0,0,0,0,0,0,0,0,0,0,0,0,0,0,0
1995Q3,92.796057,1.0020153,112582.71,5.7039025,113666.78,7870.6704,13149.473,18811.756,24478.97,59530.011,1967.2278,22714.912,19737.84,0.9664917,0.4834512,10.1,44707.466,197600.9,759413.83,216412.66,384882.5,383116.98,4192.7064,3749.2419,0.8942295,71021.122,0.9118957,174385.02,165765.9,0.9505742,56499.803,54260.47,0.9603657,9413.4619,0.9692194,14737.507,13876.232,0.941559,32049.88,30970.776,0.9663305,1765.511,2315.8386,1.3117101,70156.516,67701.353,0.9650045,68521.222,64939.234,0.9477244,316361.27,299874.69,0.9478869,0.9458183,0.231995,0.1490872,0.2153573,0.0189738,96.598737,0,0,0,-5.1044776,0.0065602,90.04063,89.548612,7.37,6.12,0.0162943,0.0274379,0.3810172,63141.053,2420.2303,25266.866,77882.942,9712.416,71,0,0,1,0,0.8359995,155478.67,0,0,0,1.0096291,0,0,0,0,0,0,0,0,0,0,0,0,0,0,0,0,0,0,0,0,0
1995Q4,91.798965,1.0036423,113536.08,5.7470776,114640.96,7787.4461,13353.289,18762.178,24714.617,60174.246,2065.9909,22749.372,19755.446,0.9705593,0.4862418,10.2,44933.17,199478.31,761659.88,218240.49,384597.37,383346.68,4256.9181,3829.2762,0.8995419,71799.884,0.9167595,174087.63,166208.62,0.9547412,56662.057,54337.359,0.9589726,9535.3618,0.9717366,14721.473,13786.992,0.9365226,32127.882,31015.006,0.965361,1250.6909,2022.1589,1.6168335,70020.859,68160.811,0.9734358,68274.192,64949.234,0.9512999,316323.17,301408.88,0.9528511,0.9478476,0.2313244,0.1490771,0.2155828,0.0191965,98.111506,0,0,0,-4.7851852,0.0068544,90.306353,89.360399,7.0866667,6.1066667,0.0165721,0.0291078,0.3775484,63644.038,2401.6494,25333.376,78319.215,9812.7025,72,0,0,0,1,0.8359995,156401.45,0,0,0,1.0097316,0,0,0,0,0,0,0,0,0,0,0,0,0,0,0,0,0,0,0,0,0
1996Q1,91.440837,1.0047,114274.22,5.784209,115391.75,7615.9376,13437.3,19953.147,25234.925,60805.21,2147.4074,22767.535,19756.241,0.9732691,0.486602,10.4,45419.714,199629.25,786826.11,219582.39,387390.2,388249.26,4317.8969,3901.9225,0.9036627,72383.541,0.9195731,177012.68,170224.95,0.961654,56715.966,54789.043,0.966025,9599.728,0.979613,14723.364,14003.182,0.9510857,32193.091,31186.134,0.9687213,-859.06,-733.68536,0.854056,71488.428,69820.4,0.9766672,68838.59,65712.524,0.9545885,318551.61,304673.64,0.9564342,0.9501229,0.2313826,0.1490766,0.2186892,0.0195458,99.052014,0,0,0,-4.4705882,0.0070482,90.3816,89.307263,6.5566667,4.46,0.0168496,0.0308101,0.3797026,64086.045,2383.2521,25410.195,78714.289,9799.5105,73,1,0,0,0,0.8289995,157664.44,0,0,0,1.0097793,0,0,0,0,0,0,0,0,0,0,0,0,0,0,0,0,0,0,0,0,0
1996Q2,91.31887,1.0051416,114984.21,5.8214076,116112.38,7414.2587,13614.183,19450.274,25415.931,61294.239,2156.4109,22773.653,19751.96,0.9774482,0.4896122,10.5,45643.793,201369.06,789682.38,220819.33,387942.27,387839.26,4356.5827,3958.2917,0.9085772,73100.837,0.922204,176367.98,170470.36,0.9665607,56598.795,54837.513,0.9688813,9861.9687,0.9901787,14724.635,13947.265,0.9472062,31914.374,31028.279,0.9722353,103.00304,89.071389,0.8647452,71248.372,69939.075,0.9816235,69069.009,66170.983,0.9580416,318873.26,306224.17,0.9603319,0.9531409,0.2318965,0.1490535,0.2188908,0.0196569,99.65122,0,0,0,-4.1605839,0.0070419,90.523671,89.640747,6.5033333,3.9566667,0.0170052,0.032118,0.3812775,64303.418,2366.247,25445.422,79267.533,9959.7866,74,0,1,0,0,0.8279995,158825.11,0,0,0,1.0098115,0,0,0,0,0,0,0,0,0,0,0,0,0,0,0,0,0,0,0,0,0
1996Q3,90.640696,1.0024465,115550.26,5.8490426,116674.01,7182.4093,13883.939,20463.495,25570.626,61762.534,2067.5014,22780.124,19755.414,0.9771368,0.4905133,10.7,45889.66,201425.94,790981.7,221889.43,388973.01,390796.69,4368.9629,3996.427,0.9147313,73659.564,0.9252242,177685.93,171919.2,0.9675454,56912.811,55211.547,0.9701075,9811.9195,0.9904075,14861.733,14104.698,0.9490615,32144.127,31294.93,0.9735816,-1823.6747,-1643.5482,0.9012289,72216.321,70695.421,0.9789397,69024.31,66067.609,0.9571644,319948.7,307771.01,0.9619386,0.9548283,0.2309456,0.1491033,0.219163,0.0198407,101.69201,0,0,0,-3.8550725,0.0067177,89.925306,88.731772,6.3366667,3.85,0.0173637,0.0329952,0.382189,64444.554,2350.6342,25509.657,79612.667,9906.9516,75,0,0,1,0,0.8169996,159712.3,0,0,0,1.0097252,0,0,0,0,0,0,0,0,0,0,0,0,0,0,0,0,0,0,0,0,0
1996Q4,90.489651,1.0082198,116169.3,5.8749982,117272.86,6920.3893,14246.568,20795.084,25979.516,61597.017,1880.679,22793.315,19773.505,0.9842251,0.4916106,10.8,45966.533,201109.44,792859.11,221904.53,390569.71,390935.15,4355.0374,4015.81,0.9221069,74435.197,0.9294448,175811,170436.52,0.9694304,56219.879,54843.639,0.9755204,9562.3791,0.9983284,14896.559,14284.465,0.9589104,31744.929,30996.794,0.9764329,-365.44505,-415.02941,1.1356821,74463.58,73454.009,0.9864421,70347.69,67898.109,0.9651789,320222.02,308872.04,0.9645559,0.9573101,0.235716,0.1488206,0.2215305,0.0199683,103.8001,0,0,0,-3.5539568,0.0060889,90.614292,89.262801,5.8466667,3.4733333,0.0175406,0.0334067,0.3793244,63988.569,2336.4135,25553.044,80085.66,9578.3902,76,0,0,0,1,0.8149996,160235.16,0,0,0,1.0094995,0,0,0,0,0,0,0,0,0,0,0,0,0,0,0,0,0,0,0,0,0
1997Q1,91.851683,1.0126813,116866.79,5.898492,118080.76,6628.1989,14706.569,20972.631,25110.043,62419.739,1600.6936,22819.647,19812.994,0.9890973,0.4930853,10.9,46017.286,203370.58,803533.69,224343.21,392429.59,393082.88,4323.1313,4021.8505,0.9303096,74918.899,0.934228,175600.87,170956.82,0.9735534,55899.584,54299.23,0.9713709,9270.8495,0.9975304,14849.317,14367.64,0.9675624,31756.465,30660.74,0.965496,-653.29095,-1027.864,1.5733633,77065.92,76492.368,0.9925576,70960.394,68862.691,0.9704384,321469.19,310798.61,0.9668068,0.9582861,0.2371511,0.1480614,0.2126514,0.019776,106.46694,0,0,0,-3.2571429,0.0051503,92.258661,91.16809,5.5966667,3.3466667,0.0179158,0.0333268,0.3810887,64596.805,2323.5851,25611.276,80193.374,9293.8017,77,1,0,0,0,0.8169996,161403.4,0,0,0,1.0103877,0,0,0,0,0,0,0,0,0,0,0,0,0,0,0,0,0,0,0,0,0
1997Q2,92.789465,1.0035448,117955.11,5.9434223,119127.26,6460.6427,15115.24,22773.58,25097.536,62886.423,1506.2219,22845.842,19846.328,0.9839544,0.4924593,10.9,46208.021,203432.69,805273.5,226206.27,397570.25,397645.93,4312.7879,4044.2331,0.9377306,75494.303,0.9394675,176169.24,171386.23,0.9728499,56309.536,54785.105,0.9729277,9209.0106,0.9974083,14849.487,14388.835,0.9689785,32227.109,31187.259,0.9677337,-75.682721,-552.6891,7.3027118,80495.758,80196.646,0.9962841,72966.993,70340.947,0.9640105,324603.25,315012.88,0.9704551,0.9606053,0.238064,0.1466861,0.2106784,0.01988,110.45237,0,0,0,-2.964539,0.0047815,93.305282,92.444671,5.7133333,3.4366667,0.0181958,0.0335407,0.3803256,64880.026,2310.7523,25640.676,80358.608,9232.9397,78,0,1,0,0,0.8219996,162816.46,0,0,0,1.0099372,0,0,0,0,0,0,0,0,0,0,0,0,0,0,0,0,0,0,0,0,0
1997Q3,94.252588,1.0118989,118851.42,5.9767494,119968.77,6417.7208,15477.083,21116.889,24953.819,63708.419,1602.0139,22883.779,19885.628,0.9926741,0.4915489,10.8,46567.92,207671.21,805330.38,228788.1,402797.44,402173.73,4332.332,4090.0314,0.9440715,75981.346,0.9434454,177365.02,173255.38,0.9768295,56828.307,55562.36,0.9777233,9168.8718,1.0014606,14951.015,14570.433,0.9745447,32721.792,31823.055,0.972534,623.70966,343.45665,0.5506675,83112.047,83247.849,1.001634,75662.955,73806.938,0.9754699,327134.49,318673.48,0.974136,0.9639994,0.2444516,0.1461305,0.2080026,0.0196947,113.09102,0,0,0,-2.6760563,0.0050271,95.021839,94.406592,5.5233333,3.4092833,0.0185255,0.0340154,0.3785091,65621.632,2297.9151,25654.461,80536.027,9155.4996,79,0,0,1,0,0.8319996,163837.76,0,0,0,1.0094012,0,0,0,0,0,0,0,0,0,0,0,0,0,0,0,0,0,0,0,0,0
1997Q4,92.121161,1.0102858,119913.68,6.0067283,120973.21,6499.4332,15792.097,22892.9,25004.598,63712.419,1888.0697,22964.905,19963.227,0.992259,0.4904082,10.6,47031.939,207999.67,805013.88,230892.57,407763.37,406787.42,4381.7638,4159.8032,0.9493445,76187.615,0.9478118,179427.26,175621.89,0.9787916,57654.249,56580.475,0.9813756,9181.7515,1.0033999,15098.884,14835.033,0.9825251,33404.725,32563.691,0.9748229,975.95458,731.73685,0.7497653,84941.508,85393.509,1.0053213,77842.594,75934.887,0.9754928,329920.78,322740.14,0.9782353,0.9655612,0.2468204,0.145727,0.2066953,0.0199991,115.6649,0,0,0,-2.3916084,0.0058501,93.442319,92.611367,5.4933333,3.6561133,0.0188147,0.0346523,0.3751423,65469.234,2285.0736,25687.813,80382.643,9150.6402,80,0,0,0,1,0.8379996,164898.38,0,0,0,1.0088358,0,0,0,0,0,0,0,0,0,0,0,0,0,0,0,0,0,0,0,0,0
1998Q1,92.522487,1.0010242,121098.35,6.0399493,122048.39,6705.78,16060.532,27765.31,19932.602,64039.905,2357.3892,23060.922,20049.564,0.9862641,0.4915157,10.3,47493.922,211008.01,822474.15,238773.32,413500.97,410623.71,4454.7401,4248.1424,0.953623,75955.125,0.9504232,180767.17,177185.52,0.9801864,58826.092,57769.58,0.9820401,9229.3216,1.0031059,15213.333,14959.067,0.9832866,34412.015,33581.191,0.9758566,2877.251,2814.3325,0.9781324,86658.553,86887.18,1.0026382,80653.483,77959.906,0.9666031,332847.48,326899.97,0.9821314,0.9656141,0.2483229,0.1452858,0.1633172,0.0201326,117.95942,0,0,0,-2.1111111,0.0072113,93.517887,92.766584,5.03,3.5854967,0.0185376,0.0355545,0.3764827,65647.877,2272.2277,25708.943,79917.161,9200.7448,81,1,0,0,0,0.8439996,166689.78,0,0,0,1.0078452,0,0,0,0,0,0,0,0,0,0,0,0,0,0,0,0,0,0,0,0,0
1998Q2,92.146341,0.9910344,122474.46,6.0745433,123391.6,6709.8062,16264.192,30075.841,19627.818,64492.388,2671.1611,23180.805,20161.921,0.9787493,0.491371,10.3,47990.272,211815.76,822536.26,241891.6,418252.1,415214.19,4521.1313,4328.3756,0.9573656,76142.094,0.9546352,183169.91,179618.42,0.980611,60101.919,58948.532,0.9808095,9297.0779,1.000451,15351.398,15113.029,0.9844725,35457.634,34538.425,0.9740758,3037.9099,2890.0449,0.9513267,87660.827,87267.474,0.9955128,82120.855,78577.048,0.9568464,336131.25,330617.89,0.9835976,0.9655027,0.2471444,0.1451533,0.1590693,0.0204346,119.92544,0,0,0,-1.8344828,0.0080793,92.979906,91.73286,4.9433333,3.6020567,0.0184686,0.0361945,0.3739429,65999.53,2261.7292,25842.592,79760.408,9292.8865,82,0,1,0,0,0.8499996,168272.91,0,0,0,1.0074884,0,0,0,0,0,0,0,0,0,0,0,0,0,0,0,0,0,0,0,0,0
1998Q3,91.840163,0.9773964,124045.28,6.118964,124971.53,6511.5121,16403.327,29837.558,19744.176,64793.722,2822.3856,23295.979,20272.268,0.9710086,0.4950547,10.3,48362.21,214282.95,826774.79,244120.51,421033.02,418992.2,4574.5943,4394.8736,0.9607133,76417.513,0.9584806,184656.24,180995.5,0.9801754,61275.674,59903.799,0.9776114,9427.3081,0.9979,15560.487,15291.562,0.9827174,36268.04,35184.93,0.970136,2040.8211,1723.5658,0.8445453,88757.928,87362.999,0.9842839,82985.446,78356.592,0.9442209,338047.58,332441.66,0.9834168,0.9660572,0.2455633,0.1454758,0.1579894,0.0205097,120.5766,0,0,0,-1.5616438,0.0084899,91.961432,90.396792,4.5,3.5528767,0.0182115,0.0365991,0.3741459,66176.506,2253.5779,25970.992,79727.765,9447.1467,83,0,0,1,0,0.8419996,170456.31,0,0,0,1.007467,0,0,0,0,0,0,0,0,0,0,0,0,0,0,0,0,0,0,0,0,0
1998Q4,91.408562,0.9691055,125062.91,6.1479891,126036.48,6110.8974,16477.937,31990.289,20041.402,65707.985,2811.0625,23368.182,20342.085,0.9670235,0.4971535,10.3,48654.826,213767.5,827103.25,245757.79,423449.63,420546.65,4615.1291,4447.6173,0.9637038,77215.82,0.9636448,185509,181325.69,0.9774496,62070.209,60497.131,0.9746565,9492.6825,0.9968798,15828.393,15563.579,0.9832697,36719.423,35440.869,0.9651804,2902.9738,3043.9878,1.0485757,88223.39,86005.676,0.9748625,83613.685,78391.948,0.9375493,339835.94,334143.98,0.9832508,0.9674378,0.2451614,0.1456104,0.1590127,0.0208059,121.3056,0,0,0,-1.292517,0.0084127,90.570676,89.110781,4.0866667,3.4880167,0.0180315,0.0368517,0.3757315,67052.996,2247.774,26051.485,80128.923,9522.3938,84,0,0,0,1,0.8349996,172052.99,0,0,0,1.0077846,0,0,0,0,0,0,0,0,0,0,0,0,0,0,0,0,0,0,0,0,0
1999Q1,93.017843,0.9564668,126295.03,6.1717507,127375.21,5507.9623,16485.772,30755.061,20439.338,65963.741,2653.692,23488.943,20463.404,0.9602041,0.5003279,10.4,48870.948,215662.92,850874.22,246417.98,425445.57,422599.43,4645.362,4489.9695,0.9665489,77923.388,0.9693262,186232.79,181658.43,0.9754374,63515.43,61844.049,0.9736854,9597.3711,1.0020758,16242.072,16011.417,0.9857989,37695.867,36235.261,0.9612529,2846.1382,2726.4311,0.9579405,87816.621,85034.656,0.9683207,83795.783,77656.812,0.9267389,341649.79,336020.11,0.9835221,0.9689191,0.2428733,0.1454405,0.1604656,0.0208194,122.66769,0,0,0,-1.027027,0.0078974,91.152734,90.071107,3.9466667,3.093,0.0176349,0.0367726,0.3777698,67337.041,2244.3174,26215.338,80389.228,9577.4904,85,1,0,0,0,0.8419996,174005.49,0,0,0,1.0085528,0,0,0,0,0,0,0,0,0,0,0,0,0,0,0,0,0,0,0,0,0
1999Q2,94.904271,0.9616735,128097.55,6.217447,129242.44,5179.703,16572.996,31480.312,20681.664,66450.303,2590.7668,23625.092,20602.918,0.9672243,0.5010273,10.2,49238.044,217112.28,851681.97,248592.59,430448.66,427653.28,4677.7674,4537.9614,0.9701127,78676.547,0.974673,188047.83,183343.36,0.9749826,64708.92,63330.717,0.9787015,9840.4548,1.0088469,16613.906,16481.324,0.9920198,38340.853,37008.939,0.9652612,2795.3746,2596.1609,0.9287345,89497.797,86862.466,0.9705542,85389.861,79835.029,0.9349474,345058.8,339512.18,0.9839256,0.9722088,0.2462605,0.1450259,0.1600222,0.0209014,125.89453,0,0,0,-0.7651007,0.0076309,92.759431,92.109742,4.2533333,2.6346667,0.0171608,0.0365153,0.3731918,67916.045,2241.3401,26308.566,80720.964,9754.1606,86,0,1,0,0,0.8439996,175902.5,0,0,0,1.0089377,0,0,0,0,0,0,0,0,0,0,0,0,0,0,0,0,0,0,0,0,0
1999Q3,95.608308,0.9731513,129778.26,6.2573551,130975.61,5126.1195,16737.359,33004.687,20924.133,66853.282,2638.787,23760.75,20740.115,0.9796747,0.5030248,10,49781.704,218184.04,854149.16,251188.73,435560.81,435874.66,4714.9717,4594.7648,0.9745053,79500.653,0.9798402,190661.01,185924.04,0.975155,66163.246,65148.672,0.9846656,10161.338,1.0105853,16742.301,16727.942,0.9991424,39366.041,38259.391,0.9718882,-313.84759,-341.54976,1.0882663,93199.088,91157.997,0.9780997,87211.738,82790.608,0.9493058,348349.08,343193.97,0.9852013,0.9754966,0.2510663,0.1450541,0.1597559,0.0210591,129.77271,0,0,0,-0.5066667,0.0076889,94.01457,93.514455,5.0033333,2.6963333,0.0166738,0.0363255,0.3731073,68426.319,2238.8421,26400.834,81136.345,10054.904,87,0,0,1,0,0.8479996,178199.48,0,0,0,1.0092261,0,0,0,0,0,0,0,0,0,0,0,0,0,0,0,0,0,0,0,0,0
1999Q4,96.513356,0.9838059,131604.16,6.3008341,132812.74,5347.2118,16978.863,32331.938,21298.863,67253.674,2797.7527,23907.721,20886.784,0.9921332,0.5040774,9.6,50269.332,221828.77,853633.71,254160.71,443368.79,440890.5,4756.9748,4660.0119,0.9796167,80501.182,0.9859953,192783.86,188973.71,0.9802361,67097.205,65977.589,0.9833135,10476.194,1.0057224,16765.927,16369.376,0.9763478,39914.693,39132.018,0.9803913,2478.2828,2188.6102,0.8831156,94607.868,93333.85,0.9865337,90577.07,87335.807,0.9642154,352791.72,348299.15,0.9872657,0.980087,0.2578069,0.144328,0.1603676,0.0210072,132.79907,0,0,0,-0.2516556,0.0080326,95.282079,95.213678,5.2833333,3.4263333,0.0161938,0.0361828,0.3735245,68924.674,2236.8234,26446.594,81644.592,10416.586,88,0,0,0,1,0.8579996,180761.54,0,1,0,1.0091835,0,0,0,0,0,0,0,0,0,0,0,0,0,0,0,0,0,0,0,0,0
2000Q1,98.349186,0.9877018,133748.02,6.3506725,134956.29,5842.98,17299.005,33218.109,21443.499,67735.778,3052.9137,24075.476,21060.451,1.0034092,0.5046005,9.1,51223.065,225448.43,872788.02,258666.54,451482.91,448995.25,4801.8592,4732.5402,0.9855641,81508.429,0.992447,194967.38,193146.22,0.9906592,69128.736,68470.632,0.99048,10828.871,1.0013232,16908.749,16682.026,0.9865913,41405.425,40959.735,0.9892359,2487.6506,2721.0877,1.0938384,97968.528,96841.233,0.9884933,94431.81,92369.549,0.9781614,357051.1,355050.6,0.9943972,0.9903408,0.2644951,0.1442698,0.1588922,0.0209917,137.59717,0,0,0,0,0.0085985,97.170373,97.217511,5.57,3.541,0.0163472,0.0357021,0.3694585,69369.231,2235.2841,26485.672,82128.748,10814.561,89,1,0,0,0,0.8609996,183162.37,0,0,0,1.0090339,0,0,0,0,0,0,0,0,0,0,0,0,0,0,0,0,0,0,0,0,0
2000Q2,99.929445,0.9943934,135922.37,6.3912246,137137.09,6164.3949,17590.559,33860.827,21668.796,68204.51,3250.6124,24268.51,21267.031,1.0145773,0.5072651,8.7,51834.998,228652.54,874237.37,262513.37,457575.59,454773.73,4840.5175,4809.158,0.9935214,82342.55,0.9981234,195838.34,195055.37,0.9960019,69628.743,69355.463,0.9960752,11102.108,0.9978045,16973.007,16836.596,0.991963,41529.2,41416.759,0.9972925,2801.8623,2837.6585,1.0127758,101968.77,101785.86,0.9982063,97896.651,96961.662,0.9904492,359678.94,359224.39,0.9987362,0.9960336,0.271596,0.144297,0.1580083,0.0210326,141.4304,0,0,0,0.248366,0.009049,99.361451,99.750197,5.3833333,4.3833333,0.0162421,0.0349176,0.3644915,69578.106,2232.0174,26581.062,82497.361,11126.536,90,0,1,0,0,0.8659996,185464.91,0,0,0,1.0089369,0,0,0,0,0,0,0,0,0,0,0,0,0,0,0,0,0,0,0,0,0
2000Q3,101.04495,1.0025493,137911.01,6.4289138,139142.85,6311.4565,17855.024,35227.949,22062.192,68408.415,3376.0989,24434.66,21451.682,1.0300807,0.5127678,8.4,52750.522,230554.22,875309.13,265782.17,462481.57,459031.77,4871.0323,4889.8738,1.0038681,82952.953,1.0028553,196540.05,197259.23,1.0036592,70757.523,70954.463,1.0027833,11187.699,0.997967,17025.064,17022.827,0.9998686,42521.968,42743.937,1.0052201,3449.8007,3297.2942,0.9557927,104146.4,104441.09,1.0028296,101323.81,101968.2,1.0063598,361157.76,361826.7,1.0018522,1.0038008,0.2802717,0.1457895,0.1585579,0.0212092,145.23898,0,0,0,0.4935065,0.0093307,100.79227,101.33087,5.3933333,4.7363333,0.0159621,0.0340403,0.3646048,69414.012,2227.0234,26675.393,82716.768,11210.491,91,0,0,1,0,0.8759996,188194.03,0,0,0,1.0089321,0,0,0,0,0,0,0,0,0,0,0,0,0,0,0,0,0,0,0,0,0
2000Q4,102.39809,1.01234,139974.59,6.4852127,141235.77,6284.1649,18092.401,30901.114,22423.51,68926.297,3429.3732,24546.117,21583.655,1.0432698,0.5148764,8.1,53815.109,238458.49,878953.86,269359.6,470039.21,465014.94,4893.4034,4975.2405,1.016724,83450.376,1.0066135,197420.28,199299.83,1.0095205,71586.39,72355.036,1.0107373,11384.891,1.0033287,17099.699,17465.167,1.0213728,43139.571,43504.978,1.0084704,5024.2701,4855.4198,0.9663931,108212.76,109380.86,1.0107945,105182.31,107512.9,1.0221577,364856.91,366803.86,1.0053362,1.009698,0.2879286,0.1467136,0.1587665,0.0208642,148.1086,0,0,0,0.7354839,0.0093493,102.62033,103.50343,5.23,5.022,0.0157473,0.0332422,0.3635459,69437.418,2220.302,26709.595,82902.104,11347.12,92,0,0,0,1,0.8809996,190861.79,0,0,0,1.00901,0,0,0,0,0,0,0,0,0,0,0,0,0,0,0,0,0,0,0,0,0
2001Q1,99.91975,0.9941025,141349.41,6.5070326,142670.38,6082.52,18304.188,34598.341,22158.923,69706.761,3406.6851,24659.225,21722.561,1.0302094,0.5139499,7.9,55015.581,238428.85,923113.68,273027.19,470503.12,467470.52,4914.4824,5065.4698,1.0307229,84011.487,1.0105127,199293,201426.17,1.0107037,72432.244,73220.753,1.0108862,11405.968,1.0074882,17211.025,17615.898,1.0235241,43900.027,44198.887,1.0068078,3032.6061,3632.7275,1.1978897,107693.31,107885.58,1.0017854,103454.28,104051.74,1.0057751,367048.84,371190.44,1.0112835,1.0117419,0.2785001,0.1482139,0.1553155,0.0212452,147.17587,0,0,0,0.974359,0.0091777,100.20892,100.09815,4.9033333,4.7443333,0.0158701,0.0322894,0.3561203,69709.535,2211.8533,26774.403,83137.484,11321.192,93,1,0,0,0,0.8759996,191686.8,0,0,0,1.0093454,0,0,0,0,0,0,0,0,0,0,0,0,0,0,0,0,0,0,0,0,0
2001Q2,101.68881,0.9830749,142590.47,6.5267098,143949.4,5863.1537,18562.527,34910.415,23239.507,70530.102,3464.8356,24756.931,21847.221,1.0312167,0.5218773,7.8,55859.083,240079.17,926317.79,274989.59,469863.24,466595.52,4966.8133,5159.6578,1.0388266,84693.71,1.0165542,200759.98,204393.37,1.0180982,72029.356,73013.475,1.0136628,11271.344,1.0159334,17210.747,17770.654,1.0325325,43724.04,43971.477,1.0056591,3267.7181,2999.0264,0.9177739,105524.87,105547,1.0002098,102899.43,103007.82,1.0010534,366963.81,372798.42,1.0158997,1.018288,0.2759075,0.1498372,0.1614422,0.0214915,145.35043,0,0,0,1.2101911,0.0092941,101.6187,101.71014,5.12,4.5946667,0.0154809,0.0312407,0.3641968,70181.208,2205.1784,26851.335,83314.507,11094.569,94,0,1,0,0,0.8659996,194521.46,0,0,0,1.0095303,0,0,0,0,0,0,0,0,0,0,0,0,0,0,0,0,0,0,0,0,0
2001Q3,100.27512,0.9715863,144372.45,6.5870781,145769.22,5626.0659,18868.916,33737.787,23470.743,71400.262,3600.0747,24803.753,21917.525,1.0272194,0.5263475,7.7,56491.704,244547.72,928219.48,278285.5,469459.7,468663.35,5057.2475,5254.7605,1.0390554,85685.203,1.0249506,201899.56,206011.34,1.0203655,72121.124,73386.273,1.017542,11249.548,1.0208298,17230.261,17876.832,1.0375253,43870.859,44259.894,1.0088677,796.35589,1038.4582,1.3040127,105986.07,105793.1,0.9981793,101466.27,100755.96,0.9929995,367993.43,376413.18,1.0228802,1.0220394,0.2696843,0.150079,0.161013,0.0214877,143.34128,0,0,0,1.443038,0.0095642,100.32645,100.09255,5.0133333,4.2713333,0.0152279,0.0303472,0.3623623,70658.672,2200.2774,26872.972,83599.345,11020.004,95,0,0,1,0,0.8569996,196687.57,0,0,0,1.0096748,0,0,0,0,0,0,0,0,0,0,0,0,0,0,0,0,0,0,0,0,0
2001Q4,100.59544,0.9407958,145929.67,6.6428276,147364,5371.2567,19223.357,33227.455,23927.825,72104.876,3812.4024,24834.782,21968.005,1.0095447,0.5339482,7.7,56659.496,247380.11,936123.74,280607.56,467089.98,465763.73,5185.785,5343.8903,1.0304882,86865.002,1.0354563,202186.57,205999.43,1.0188581,70957.824,72221.71,1.0178118,11144.837,1.0188213,17273.522,18009.328,1.0425973,42745.349,43067.545,1.0075376,1326.254,1428.2079,1.0768736,103543,102407.93,0.9890377,100675.22,97094.448,0.9644325,366414.76,377171.72,1.0293573,1.0251242,0.2628495,0.150222,0.1623723,0.0216019,141.86081,0,0,0,1.672956,0.0101079,99.839418,99.492675,4.72,3.443,0.0150212,0.0295802,0.3611363,71062.253,2197.1503,26906.589,83890.55,10938.952,96,0,0,0,1,0.8479996,198630.17,0,0,0,1.0098289,0,0,0,0,0,0,0,0,0,0,0,0,0,0,0,0,0,0,0,0,0
2002Q1,101.28366,0.9277528,147529.48,6.6994254,149021.31,5098.7261,19625.849,33976.048,24021.028,73284.398,3945.3187,24869.913,22021.214,1.0046518,0.5355776,7.9,57011.905,249990.43,970435.85,283966.48,472015.31,468509.67,5337.2328,5413.6547,1.0143186,88376.917,1.0484592,202950.82,207779.05,1.0237901,71080.232,72747.681,1.0234587,11151.164,1.0230527,17335.082,18259.752,1.053341,42845.257,43336.764,1.0114717,3505.6422,3476.9946,0.9918281,104849.2,103317.54,0.9853918,103135.95,98641.19,0.9564191,368879.36,382470.65,1.0368448,1.0308987,0.2634118,0.1490622,0.1611919,0.0216554,143.38626,0,0,0,1.9,0.0103154,100.38714,99.804085,5.0566667,3.3633333,0.0147498,0.028795,0.3591939,72058.938,2195.797,27003.163,84292.188,10899.892,97,1,0,0,0,0.8439995,200521.17,0,0,0,1.0101121,0,0,0,0,0,0,0,0,0,0,0,0,0,0,0,0,0,0,0,0,0
2002Q2,100.17142,0.921825,149421.67,6.769932,150932.02,4891.823,19969.804,34699.367,24387.774,74346.291,4130.8574,24907.076,22071.369,1.0064428,0.5396118,7.9,57154.425,252338.08,972086.17,287037.45,474255.1,473277.41,5439.4251,5449.9939,1.001943,90055.147,1.0603329,204438.47,209491.77,1.0247179,70471.695,72579.352,1.0299079,11306.022,1.031267,17357.402,18471.3,1.0641742,42151.059,42802.031,1.0154438,977.69332,939.59987,0.9610374,107996.8,106467.66,0.9858409,103411.39,98860.341,0.9559908,370843.71,386123.19,1.0412019,1.0370632,0.2626072,0.1480212,0.1615812,0.021598,147.25181,0,0,0,2.1242236,0.0106983,99.639947,98.753087,5.2033333,3.44,0.0144369,0.0282404,0.3588589,72868.662,2194.2882,27043.514,84931.016,10963.234,98,0,1,0,0,0.8429995,203042.96,0,0,0,1.010108,0,0,0,0,0,0,0,0,0,0,0,0,0,0,0,0,0,0,0,0,0
2002Q3,99.431883,0.9062309,150377.88,6.801115,151888.09,4750.5476,20255.224,35428.394,24605.696,75505.643,4212.5188,24936.995,22110.768,0.9998833,0.5413852,7.9,57340.831,253918.77,976554.72,289347.16,476588.94,476375.66,5477.1689,5459.3738,0.996751,91330.561,1.0712997,207060.19,212900.63,1.0282065,70552.53,72849.667,1.0325592,11364.608,1.0367127,17455.262,18659.591,1.0689952,42135.111,42825.469,1.0163844,213.28037,280.43608,1.3148705,108033.66,105675.84,0.9781752,104419.7,98801.071,0.9461919,372169.24,389695.44,1.047092,1.0440957,0.2610288,0.1471427,0.1619989,0.0215005,149.31645,0,0,0,2.345679,0.0108098,98.624174,97.2618,4.6966667,3.3576667,0.0143892,0.0278576,0.3594317,73885.127,2192.6241,27075.999,85252.11,10962.157,99,0,0,1,0,0.8369995,204428.46,0,0,0,1.0100428,0,0,0,0,0,0,0,0,0,0,0,0,0,0,0,0,0,0,0,0,0
2002Q4,99.623432,0.896657,151355.97,6.8384274,152845.57,4674.8999,20482.109,31866.188,24693.498,76073.667,4190.3027,24957.194,22133.155,0.9966235,0.5449647,8,57606.257,259313.12,979387.11,291179.31,476262.67,477326.51,5450.4643,5449.7286,0.999865,92511.736,1.0784444,207653.11,214261.27,1.0318231,70539.551,72751.4,1.0313562,11537.276,1.0384421,17575.653,18830.399,1.0713911,41853.72,42383.725,1.0126633,-1063.8465,-832.09534,0.7821573,107900.81,104921.95,0.9723926,104025.48,97757.988,0.9397505,372237.19,391306,1.0512276,1.0480601,0.2588095,0.1472154,0.1615585,0.021016,151.54318,0,0,0,2.5644172,0.0107085,98.346637,96.873083,4.4866667,3.1066667,0.0142251,0.0278145,0.3595988,74298.441,2190.8045,27127.385,85782.577,11110.178,100,0,0,0,1,0.8329996,205783.41,0,0,0,1.0098417,0,0,0,0,0,0,0,0,0,0,0,0,0,0,0,0,0,0,0,0,0
2003Q1,96.983884,0.9069011,151808.26,6.8600474,153240.08,4664.88,20651.708,34566.445,25256.659,76510.047,4075.4592,24956.956,22129.332,1.0101009,0.5459634,8.3,57853.754,257172.82,1015560.4,291739.27,477630.11,476100.38,5372.1462,5431.6666,1.0110795,93207.74,1.0835253,208624.67,217069.06,1.0404765,71057.924,73809.475,1.0387226,11971.5,1.0519017,17703.651,19134.414,1.0808174,41973.456,42703.56,1.0173944,1529.7347,1605.0224,1.0492162,105022.96,102491.09,0.9758922,103975.28,99464.848,0.9566201,373654.83,394149.21,1.0548484,1.054823,0.2608764,0.1467814,0.1648176,0.0211207,152.90579,0,0,0,2.7804878,0.0103399,96.667449,94.645821,4.11,2.6833333,0.0140858,0.0280565,0.3630118,74488.836,2188.8295,27215.873,86022.673,11380.816,101,1,0,0,0,0.8329997,206916.45,0,0,0,1.0094318,0,0,0,0,0,0,0,0,0,0,0,0,0,0,0,0,0,0,0,0,0
2003Q2,95.938513,0.8880532,152760.19,6.905422,154170.33,4631.1199,20983.264,35140.167,25441.671,77368.436,3997.2381,24951.038,22121.774,0.9977981,0.5501975,8.5,58274.5,258843.05,1017908.1,293983.22,476905.77,477427.34,5303.1811,5427.8959,1.023517,94145.023,1.0882434,209464.32,217957.4,1.0405467,71569.345,74421.819,1.0398561,12202.91,1.0518269,17768.501,19436.675,1.0938838,42199.21,42782.233,1.013816,-521.56356,680.05424,-1.3038761,104579.49,100475.22,0.9607546,103590.87,97198.79,0.9382949,373314.9,395908.63,1.0605219,1.0565752,0.2561059,0.1471918,0.1650231,0.0209698,152.70631,0,0,0,2.9939394,0.0100964,94.665938,92.173365,3.9333333,2.3666667,0.0140808,0.0281497,0.3637742,75019.864,2188.5044,27268.894,86510.999,11601.634,102,0,1,0,0,0.8339999,208330.4,0,0,0,1.0092311,0,0,0,0,0,0,0,0,0,0,0,0,0,0,0,0,0,0,0,0,0
2003Q3,96.584541,0.8745353,154244.09,6.9764507,155651.67,4573.6197,21478.027,35248.139,25592.988,78406.043,3966.8895,24941.649,22109.249,0.9898033,0.5513283,8.4,58790.784,262025.91,1019488.7,297274.05,480196.15,481573.47,5256.4042,5440.9018,1.0350996,94982.785,1.0925792,211023.06,220562.58,1.045206,72683.301,75617.409,1.0403684,12372.886,1.0524479,17862.687,19697.448,1.1027147,43064.321,43547.075,1.0112101,-1377.3241,-850.67998,0.6176324,105676.24,101193.56,0.957581,103881.79,96403.3,0.9280096,376314.36,400543.25,1.0643847,1.061146,0.2521888,0.1467776,0.1644248,0.0207647,155.1429,0,0,0,3.2048193,0.0099038,94.876108,92.487521,4.1333333,2.14,0.0140478,0.0282426,0.3642586,75735.373,2189.8291,27228.875,86934.465,11756.293,103,0,0,1,0,0.828,210428.83,0,0,0,1.0091257,0,0,0,0,0,0,0,0,0,0,0,0,0,0,0,0,0,0,0,0,0
2003Q4,95.625429,0.8712573,155442.46,7.0307658,156862.91,4492.3794,22135.997,35447.249,25928.682,79283.474,3984.4133,24947.211,22108.895,0.9913962,0.5511409,8.8,59295.44,264678.69,1024883.1,300125.93,485799.59,487127.21,5231.8153,5469.5357,1.0454375,96113.057,1.0970298,212312.12,223115.68,1.0508853,73602.133,76828.654,1.0438373,12474.8,1.0561769,17939.76,20027.876,1.116396,43851.094,44325.978,1.0108295,-1327.6201,-963.15807,0.7254772,108369.07,103875.37,0.9585334,106938.78,99354.138,0.9290749,378860.81,405085,1.0692185,1.0663611,0.2558707,0.1463778,0.1652952,0.0206648,159.96003,0,0,0,3.4131737,0.009836,94.221973,91.660166,4.3433333,2.15,0.0142087,0.0283687,0.3626606,76269.819,2192.8037,27354.398,87612.073,11811.279,104,0,0,0,1,0.8320001,211815.32,0,0,0,1.0091381,0,0,0,0,0,0,0,0,0,0,0,0,0,0,0,0,0,0,0,0,0
2004Q1,94.491465,0.8723558,157174.2,7.1105067,158617.69,4387.3988,22956.923,36158.953,26273.494,79763.672,4031.8097,24950.163,22104.5,0.9978142,0.5546047,8.9,59740.662,267065.71,1042720.5,303224.66,488344.91,487979.44,5225.5596,5510.7913,1.054584,97056.538,1.1017082,213653.83,225291.51,1.0544698,73212.23,77405.812,1.0572798,12456.496,1.0690617,18032.602,20395.17,1.1310165,43527.825,44554.146,1.0235785,365.4654,-67.512681,-0.1847307,107791.42,103725.76,0.9622822,107726.26,100694.01,0.9347211,380618.65,408228.9,1.0725404,1.0714907,0.2572195,0.1463411,0.1656404,0.0206346,163.76246,0,0,0,3.6190476,0.0098763,93.723128,90.927452,4.2,2.0629508,0.0143538,0.0284904,0.3626092,76381.601,2197.4282,27387.665,88096.409,11651.803,105,1,0,0,0,0.8270001,214167,0,0,0,1.009184,0,0,0,0,0,0,0,0,0,0,0,0,0,0,0,0,0,0,0,0,0
2004Q2,96.111389,0.8773283,158397.82,7.1641214,159863.3,4177.9471,23666.125,35591.997,26543.545,81186.046,4127.4443,24958.795,22109.874,1.0077941,0.5548429,8.7,60580.585,271465.91,1044390.7,307057.9,493656.67,492775,5219.3257,5550.0742,1.06337,98005.242,1.1055739,215499.55,228285.57,1.059332,74199.292,79514.884,1.0716394,12736.203,1.08859,18264.062,21180.747,1.1596953,44235.506,45597.933,1.0307994,881.67204,333.63716,0.3784141,109210.35,105291.55,0.9641169,110438.52,104502.61,0.9462514,383218.15,412478.35,1.0763539,1.0785602,0.2627047,0.1468697,0.166039,0.0204448,168.12166,0,0,0,3.8224852,0.0100065,95.46977,92.662618,4.4,2.0824297,0.0143433,0.0283734,0.3618874,77484.093,2203.2705,27337.125,88646.488,11699.724,106,0,1,0,0,0.827,215720.01,0,0,0,1.0092519,0,0,0,0,0,0,0,0,0,0,0,0,0,0,0,0,0,0,0,0,0
2004Q3,95.707759,0.8782665,159962.08,7.2280561,161440.55,3864.0242,24263.351,35759.009,26822.236,81979.826,4253.3173,24981.242,22130.72,1.0145315,0.5568979,8.8,61385.315,274605.14,1047573.6,310364.15,497724.57,494973.18,5209.2589,5584.2984,1.0719948,98810.681,1.1103611,216348.11,229700.26,1.0617161,74745.626,80539.492,1.0775145,12939.759,1.0958295,18539.207,21682.007,1.1695218,44398.231,45917.726,1.0342242,2751.3955,1990.8401,0.7235747,109680.5,106489.66,0.9709079,112986.78,107607.81,0.9523929,384737.8,415507.43,1.0799756,1.0844009,0.2672672,0.1477358,0.1661431,0.0203357,171.33119,0,0,0,4.0235294,0.0102364,95.879609,92.923415,4.2,2.116303,0.0145189,0.0281144,0.359174,77892.548,2210.3307,27391.712,88989.685,11808.187,107,0,0,1,0,0.833,217416.3,0,0,0,1.0092426,0,0,0,0,0,0,0,0,0,0,0,0,0,0,0,0,0,0,0,0,0
2004Q4,94.251369,0.8836516,161244.9,7.2772875,162726.46,3445.6301,24748.602,37093.041,26933.725,82747.456,4409.4287,25013.012,22157.28,1.0233344,0.5574094,8.9,62072.505,276123.32,1050226.3,313216.36,502424.16,501473.56,5195.3589,5612.8361,1.0803558,99639.209,1.1165425,218961.2,233468.34,1.0662544,75880.059,82084.503,1.0817665,13369.807,1.1042386,18846.93,22111.924,1.1732375,44925.414,46602.772,1.0373365,950.60483,1098.8341,1.1559315,112197.88,109587.43,0.9767336,114564.6,110368.47,0.9633732,387859.56,421122.68,1.0857607,1.0902184,0.2693622,0.1473977,0.1655153,0.0203273,173.96155,0,0,0,4.2222222,0.0104707,95.405361,92.058478,3.8,2.1636085,0.0144873,0.0279509,0.3605063,78314.776,2218.6088,27456.655,89239.065,12107.715,108,0,0,0,1,0.83,219374.7,0,0,0,1.0091883,0,0,0,0,0,0,0,0,0,0,0,0,0,0,0,0,0,0,0,0,0
2005Q1,94.559148,0.883431,162611.94,7.3244855,164107.17,3478.7482,24986.476,37562.073,27164.58,83409.696,4449.6332,25065.949,22201.141,1.0278479,0.558837,8.7071998,62597.842,278302.92,1089260.1,315864.99,506184.82,505234.22,5221.4008,5648.4049,1.0817796,100338.12,1.1187666,220469.87,235668.51,1.0689375,76769.243,83476.233,1.0873656,13478.845,1.1076919,19086.498,22600.286,1.1840981,45514.34,47397.103,1.0413664,950.60478,1517.0583,1.5958875,113087.33,110649.08,0.9784393,116060.13,112334.99,0.9679034,390124.69,424962.42,1.089299,1.0956185,0.2711055,0.1473021,0.1655295,0.0202959,174.83354,0,0,0,4.2222222,0.0104707,95.883578,92.520385,2.9558209,2.073148,0.0144823,0.0279419,0.360416,78655.515,2226.6335,27456.655,89686.377,12168.405,109,1,0,0,0,0.83,221219.88,0,0,0,1.0091951,0,0,0,0,0,0,0,0,0,0,0,0,0,0,0,0,0,0,0,0,0
2005Q2,94.729346,0.8843704,164038.07,7.3722059,165546.14,3511.6524,25222.814,37885.841,27401.326,84072.02,4487.9562,25125.626,22250.88,1.0333339,0.5607495,8.4898478,63121.506,280674.92,1093660.3,318560.76,509373.14,508422.53,5247.5732,5684.8868,1.0833364,101054.04,1.1211293,221749.81,237687.94,1.0718744,77557.333,84753.202,1.0927813,13603.361,1.112349,19319.172,23032.052,1.1921863,46008.762,48117.789,1.0458397,950.60474,1877.221,1.974765,113731.88,111637.15,0.9815819,117177.74,114071.98,0.9734953,392195.4,428622.46,1.0928799,1.1007779,0.2725029,0.147266,0.1655208,0.0202543,175.70989,0,0,0,4.2222222,0.0104707,96.364191,92.984611,2.7820332,1.8851004,0.0144304,0.027929,0.3603149,79010.602,2235.448,27456.655,90135.932,12229.4,110,0,1,0,0,0.8343663,223143.42,0,0,0,1.0091934,0,0,0,0,0,0,0,0,0,0,0,0,0,0,0,0,0,0,0,0,0
2005Q3,94.893708,0.8849653,165535.66,7.4224213,167056.76,3545.7708,25467.873,38194.312,27649.123,84746.695,4527.0558,25187.001,22302.111,1.038789,0.5630988,8.2663158,63653.114,283153.84,1096799.5,321348.15,512360.77,511410.17,5273.8767,5723.7845,1.0853087,101788.94,1.1236503,222906.59,239582.44,1.0748109,78234.368,85921.735,1.0982608,13736.959,1.117671,19439.686,23335.057,1.2003824,46503.981,48849.72,1.0504417,950.60469,2420.8782,2.5466719,114407.59,112668.4,0.9847983,118259.53,115749.52,0.9787754,394101.24,432356.67,1.09707,1.1060042,0.273651,0.1472236,0.1655074,0.0202144,176.59064,0,0,0,4.2222222,0.0104707,96.847214,93.451165,2.9457904,1.9344819,0.0144134,0.0279149,0.3602104,79410.651,2244.4512,27456.655,90587.74,12290.7,111,0,0,1,0,0.8375751,225163.32,0,0,0,1.009189,0,0,0,0,0,0,0,0,0,0,0,0,0,0,0,0,0,0,0,0,0
2005Q4,95.055702,0.8850748,167072.46,7.4747116,168607.51,3576.995,25692.144,38450.223,27904.827,85442.801,4568.6344,25246.424,22351.693,1.043795,0.5653205,8.0498915,64198.473,285731.5,1098317.7,324181.73,515597.63,514647.03,5300.3121,5765.0025,1.0876723,102549.49,1.1263999,224366.54,241799.92,1.0777004,78832.052,87026.846,1.1039526,13878.421,1.1235489,19567.981,23646.699,1.2084383,46911.763,49501.726,1.0552092,950.60465,2917.9005,3.0695205,115106.31,113731.12,0.9880529,119425.02,117462.64,0.9835681,396172.61,436327.63,1.1013574,1.1112825,0.274706,0.1471336,0.1655017,0.0201763,177.47581,0,0,0,4.2222222,0.0104707,97.332658,93.920061,3.1578747,1.7746004,0.0144003,0.0279015,0.360109,79818.078,2253.1835,27456.655,91041.813,12352.307,112,0,0,0,1,0.8403961,227236.75,0,0,0,1.0091879,0,0,0,0,0,0,0,0,0,0,0,0,0,0,0,0,0,0,0,0,0
2006Q1,95.214914,0.8849579,168619.03,7.52841,170168.73,3608.9449,25921.628,38804.163,28164.133,86165.644,4612.0601,25301.639,22397.694,1.0485359,0.5674004,7.8487902,64759.129,288267.84,1127863.2,327072,518941.98,517991.37,5326.8801,5808.2042,1.0903576,103328.36,1.1292944,225856.71,244064.53,1.0806167,79489.076,88215.181,1.1097774,14025.671,1.1298065,19726.525,23992.744,1.2162682,47348.328,50196.766,1.0601592,950.6046,3402.3345,3.5791269,115820.55,114818.7,0.99135,120591.65,119162.31,0.9881473,398350.33,440475,1.1057478,1.1166038,0.2756369,0.1470211,0.1655071,0.0201486,178.36541,0,0,0,4.2222222,0.0104707,97.820535,94.391309,3.2263214,1.7937148,0.0143912,0.0278899,0.3600148,80278.739,2261.3537,27456.655,91498.162,12414.224,113,1,0,0,0,0.8432704,229324.37,0,0,0,1.0091906,0,0,0,0,0,0,0,0,0,0,0,0,0,0,0,0,0,0,0,0,0
2006Q2,95.370574,0.8848194,170139.94,7.5830678,171704.24,3641.9107,26158.408,39157.627,28419.752,86925.382,4655.233,25348.84,22436.821,1.0532614,0.5694625,7.6768797,65321.878,290829.67,1130235.2,329987.3,522205.15,521254.55,5353.5812,5853.1282,1.0933108,104121.12,1.132283,227326.58,246333.33,1.0836099,80073.039,89332.018,1.1156317,14176.613,1.1362698,19833.852,24275.237,1.2239295,47762.737,50880.168,1.0652691,950.60456,3885.9403,4.087862,116544.55,115926.63,0.994698,121738.36,120853.94,0.9927351,400466.8,444598.23,1.1102,1.1219635,0.2765183,0.1469234,0.1655157,0.0201256,179.25947,0,0,0,4.2222222,0.0104707,98.310857,94.864922,3.2664994,1.7959758,0.0143843,0.0278819,0.3599338,80766.86,2268.4942,27456.655,91956.799,12476.45,114,0,1,0,0,0.846123,231379.05,0,0,0,1.0091942,0,0,0,0,0,0,0,0,0,0,0,0,0,0,0,0,0,0,0,0,0
2006Q3,95.522725,0.8846144,171610,7.6382938,173188.97,3675.6541,26400.774,39518.97,28668.606,87727.419,4698.3828,25385.703,22467.059,1.0578516,0.5713823,7.5426212,65889.17,293392.8,1132714.1,332911.77,525406.53,524455.92,5380.4161,5899.4766,1.0964722,104923.58,1.1353187,228748.52,248576.72,1.0866812,80634.842,90433.579,1.1215199,14329.553,1.1427997,19922.909,24534.52,1.2314728,48172.944,51569.506,1.0705077,950.60451,4354.2238,4.5804788,117274.41,117051.19,0.9980966,122854.53,122519.52,0.997273,402551.99,448719.26,1.1146865,1.1273534,0.2773311,0.1468383,0.1655337,0.0201078,180.15801,0,0,0,4.2222222,0.0104707,98.803638,95.340911,3.3090305,1.8055225,0.0143812,0.0278789,0.3598693,81290.475,2274.3242,27456.655,92417.734,12538.989,115,0,0,1,0,0.8487401,233367.17,0,0,0,1.009201,0,0,0,0,0,0,0,0,0,0,0,0,0,0,0,0,0,0,0,0,0
2006Q4,95.671112,0.8843603,173017.66,7.693738,174611.26,3709.6829,26645.189,39874.653,28908.732,88571.168,4741.1409,25411.894,22488.115,1.0623159,0.5731665,7.4472306,66458.881,295953.93,1135291.8,335828.59,528495.09,527544.49,5407.3856,5946.9107,1.0997756,105731.58,1.1383556,230094.44,250763.36,1.089828,81154.275,91495.743,1.1274297,14483.245,1.149296,19990.681,24766.695,1.238912,48561.754,52245.803,1.0758632,950.60447,4814.036,5.0641841,118007.41,118190.18,1.0015488,123919.16,124138.93,1.0017736,404575.94,452802.87,1.1192037,1.1327663,0.2780619,0.1467722,0.1655605,0.020094,181.06106,0,0,0,4.2222222,0.0104707,99.298888,95.819288,3.348533,1.8264317,0.0143824,0.027881,0.3598217,81847.249,2278.8065,27456.655,92880.98,12601.84,116,0,0,0,1,0.8511397,235273.18,0,0,0,1.0092106,0,0,0,0,0,0,0,0,0,0,0,0,0,0,0,0,0,0,0,0,0
